CYRE3,2012-04-30,0.288105
LAME4,2016-01-05,0.029264
BRSR6,2013-05-02,0.080811
TRPL4,2021-03-31,0.795967
EGIE3,2020-04-29,1.164004
UGPA3,2017-08-17,0.425
WEGE3,2011-03-23,0.010094
VVAR3,2015-04-24,0.17253
RADL3,2018-03-27,0.030971
EMBR3,2018-09-25,0.01
HAPV3,2019-07-03,0.031072
LCAM3,2017-03-29,0.029248
BBDC3,2010-12-07,0.159823
COGN3,2015-05-13,0.054407
BBDC4,2012-03-02,0.00627
BRFS3,2010-12-29,0.204092
BBDC3,2018-11-05,0.011879
BBDC3,2012-04-03,0.006238
GGBR4,2017-08-22,0.02
CPFE3,2010-03-09,0.645132
WEGE3,2014-09-24,0.013808
SANB4,2010-09-23,0.062474
BBDC3,2011-02-14,0.031111
BBDC3,2019-12-03,0.014255
GOAU4,2012-02-28,0.11
BBDC3,2016-02-02,0.008926
PETR4,2010-04-23,0.1332
CSNA3,2011-05-02,0.24472
BBAS3,2019-03-12,0.156124
BBDC3,2012-06-04,0.006238
ENGI11,2010-09-20,0.252005
GOAU4,2015-08-25,0.02
B3SA3,2021-03-29,0.038161
RENT3,2015-04-01,0.032379
GGBR4,2010-11-17,0.12
LAME4,2020-01-13,0.014667
USIM5,2015-04-29,0.032668
CYRE3,2017-05-02,0.094063
LREN3,2011-09-26,0.025926
BBDC4,2011-10-04,0.00627
ITSA4,2011-03-10,0.02212
BBDC3,2020-06-02,0.015681
WEGE3,2020-02-26,0.083881
RADL3,2012-03-22,0.036018
RADL3,2019-03-27,0.034585
GOAU4,2014-03-06,0.08
BBDC4,2011-02-02,0.0057
HAPV3,2020-09-11,0.029817
CPLE6,2011-04-29,0.044049
ITUB4,2015-05-04,0.008264
B3SA3,2012-05-15,0.03872
MGLU3,2019-01-02,0.018522
HGTX3,2011-09-26,0.21
ITUB4,2015-04-01,0.008264
LREN3,2014-03-19,0.022613
SUZB3,2015-05-04,0.12922
CCRO3,2013-04-19,0.057077
HGTX3,2020-07-07,0.2196
CSNA3,2010-05-03,1.02883
SBSP3,2015-04-07,0.36913
SAPR4,2016-01-04,0.078461
B3SA3,2014-05-20,0.037179
BBDC4,2018-01-03,0.01188
SAPR4,2013-07-01,0.050275
LREN3,2012-12-20,0.026942
BBAS3,2014-06-13,0.321041
RADL3,2013-06-24,0.008233
SULA4,2020-11-18,0.280061
HAPV3,2020-01-06,0.031938
IGTA3,2014-04-25,0.315
BBAS3,2020-09-14,0.102862
BRSR6,2015-12-04,0.248005
BEEF3,2021-01-04,0.042734
JHSF3,2012-01-26,0.139988
BBDC4,2017-01-03,0.0108
B3SA3,2017-11-22,0.027486
ITSA4,2016-09-01,0.013547
RADL3,2013-12-13,0.008475
BBDC4,2012-06-04,0.006897
HYPE3,2021-07-23,0.30817
BBAS3,2011-05-20,0.156962
ITUB4,2014-02-19,0.262259
SANB4,2013-06-26,0.090089
WEGE3,2013-12-18,0.01253
VIVT3,2011-10-03,1.362007
ITUB4,2011-12-27,0.131139
BBDC4,2017-08-02,0.01188
VIVT3,2017-04-03,0.194377
TAEE4,2021-05-05,0.54373
BRSR6,2018-05-04,0.049382
TRPL4,2019-11-11,0.784661
HYPE3,2017-02-16,0.6
ITSA4,2017-06-01,0.013636
TRPL4,2011-07-07,0.103613
BBDC3,2015-02-10,0.061414
BBDC3,2010-01-05,0.004258
CSAN3,2012-08-01,0.154586
TUPY3,2014-04-14,0.174417
LREN3,2016-04-22,0.152503
MULT3,2015-04-30,0.03513
CIEL3,2020-12-30,0.055951
BBDC4,2019-10-18,0.862412
TOTS3,2019-01-02,0.026616
BRAP4,2015-04-27,0.382872
ITUB4,2018-06-01,0.01
VIVT3,2020-12-29,0.864839
CCRO3,2015-04-17,0.057077
WEGE3,2011-06-22,0.011312
BBDC4,2018-12-04,0.013067
EMBR3,2018-12-27,0.01
VALE3,2016-12-02,0.166294
ITUB4,2017-03-01,0.01
ENGI11,2013-08-12,0.116148
BBDC4,2013-10-02,0.008926
BBAS3,2014-11-17,0.055718
LREN3,2017-04-20,0.098074
IGTA3,2014-06-13,0.026412
LCAM3,2017-09-27,0.022362
ITSA4,2017-08-15,0.071818
BPAC11,2018-08-14,0.168363
FLRY3,2017-08-02,0.187238
CPLE6,2014-04-25,0.090366
CVCB3,2014-12-10,0.09975
BBAS3,2017-05-23,0.182939
ITUB4,2021-07-01,0.015
TAEE4,2021-05-19,0.451454
BBDC4,2021-04-05,0.017249
BBDC4,2017-12-26,0.519604
PETR3,2012-05-14,0.2
LREN3,2020-04-30,0.019652
HAPV3,2021-07-07,0.017684
MOVI3,2018-04-05,0.021911
BBDC3,2010-06-02,0.004684
BBDC3,2016-08-02,0.009818
EMBR3,2015-04-28,0.021875
PETR4,2010-11-03,0.14
ITSA4,2012-12-03,0.009126
ITSA4,2021-03-10,0.015456
USIM5,2010-10-08,0.244485
CSNA3,2012-12-28,0.20576
GOLL4,2011-05-05,0.188145
LAME4,2016-07-06,0.038768
VIVT3,2015-01-02,0.39703
KLBN11,2014-11-11,0.098269
TOTS3,2011-12-22,0.073022
ITUB4,2014-08-01,0.008264
BRML3,2019-03-29,0.065233
HGTX3,2014-05-22,0.1393
GOAU4,2012-05-14,0.08
WEGE3,2019-02-25,0.041453
B3SA3,2018-04-24,0.032643
CPFE3,2021-05-03,1.501834
PCAR3,2019-03-29,0.679223
ITUB4,2013-03-06,0.174123
BBDC3,2019-09-03,0.014255
ITUB4,2017-07-03,0.01
B3SA3,2019-07-05,0.034401
SBSP3,2010-12-28,0.667133
HAPV3,2019-04-23,0.024331
RADL3,2010-04-06,0.004396
COGN3,2019-04-05,0.026387
FLRY3,2020-02-27,0.624283
BBDC4,2011-02-14,0.034397
RENT3,2017-12-15,0.061663
BBDC4,2018-10-02,0.013067
BBAS3,2016-03-03,0.090568
BBDC3,2017-08-02,0.0108
BBDC3,2010-05-04,0.004684
BRML3,2015-05-04,0.306114
GOAU4,2011-11-22,0.19
MOVI3,2018-10-29,0.095728
EMBR3,2018-06-26,0.02
PCAR3,2012-04-30,0.373331
BBDC4,2021-03-02,0.017249
BBDC3,2019-01-03,0.011879
CSNA3,2020-05-04,0.008871
VIVT3,2020-09-29,0.360985
ELET3,2011-06-17,0.877025
IRBR3,2020-08-10,0.098064
HYPE3,2018-10-03,0.19966
BRDT3,2019-12-05,0.473637
JBSS3,2015-05-04,0.16738
HGTX3,2021-04-30,0.106851
IRBR3,2020-04-17,0.20975
VIVT3,2020-07-01,0.499825
ITUB4,2020-11-03,0.015
HGTX3,2015-10-29,0.1864
BBDC4,2010-05-04,0.005676
CPLE6,2013-11-27,0.069111
ENGI11,2013-01-31,0.46351
RENT3,2017-09-25,0.059202
BBDC3,2013-12-26,0.138384
HGTX3,2012-12-13,0.128
CCRO3,2011-08-30,0.3975
HGTX3,2014-10-16,0.3037
ENBR3,2016-04-14,0.597638
ITUB4,2013-07-01,0.007513
IRBR3,2019-11-19,0.196907
TIMS3,2019-10-08,0.156471
QUAL3,2021-05-10,2.00909
TOTS3,2014-08-04,0.044382
BBDC4,2012-04-03,0.006897
PCAR3,2020-05-04,0.582024
CSAN3,2016-02-19,0.175555
RADL3,2021-06-24,0.0303
BBSE3,2017-08-11,0.791638
BBDC4,2014-06-25,0.089267
BBDC3,2014-09-02,0.008065
WEGE3,2021-03-01,0.174679
SAPR4,2021-07-01,0.103099
BRSR6,2012-05-02,0.162864
BRSR6,2019-11-12,0.260983
CCRO3,2014-04-16,0.057077
EMBR3,2013-12-17,0.09
LREN3,2021-04-30,0.03894
TRPL4,2014-04-02,0.048715
IRBR3,2019-03-22,0.069393
CYRE3,2019-07-11,0.780383
SANB4,2010-12-23,0.059429
ITUB4,2017-12-15,0.096333
BBDC4,2010-04-05,0.005677
BBDC3,2012-09-04,0.006238
SAPR4,2019-01-02,0.113839
BBDC3,2018-02-02,0.0108
BBDC3,2014-02-04,0.008073
YDUQ3,2016-12-22,0.453958
BBDC3,2016-06-23,0.098197
CRFB3,2019-05-22,0.045373
VIVT3,2018-07-02,0.222144
BBAS3,2010-05-24,0.172912
VALE3,2012-04-16,1.07528
EMBR3,2018-04-24,0.072016
ENGI11,2015-06-30,0.040876
BRKM5,2019-04-17,3.355658
BRFS3,2011-12-29,0.390809
ITUB4,2015-02-02,0.008264
CMIG4,2018-05-02,0.430975
EMBR3,2013-09-24,0.04
ENGI11,2017-08-15,0.279154
MULT3,2011-11-24,0.187265
CVCB3,2015-12-21,0.103654
KLBN11,2016-02-04,0.13107
ITUB4,2016-12-01,0.01
BRFS3,2013-07-01,0.412254
PETR3,2014-04-03,0.53808
TUPY3,2017-11-21,0.346895
EGIE3,2018-08-21,1.404581
BBDC3,2015-07-02,0.00888
CMIG4,2021-05-03,0.548622
BBDC4,2013-09-03,0.008926
RENT3,2014-04-01,0.020227
TAEE4,2018-05-03,0.154161
PETR3,2018-11-22,0.1
ITUB4,2015-01-02,0.008264
BBDC4,2018-07-03,0.013067
ITUB4,2021-04-01,0.015
CPLE6,2015-04-24,0.092803
ITUB4,2016-08-15,0.241818
ITSA4,2019-09-02,0.02
LAME4,2014-01-09,0.009105
BBDC4,2016-07-04,0.0108
BBAS3,2021-05-24,0.414445
ITUB4,2019-08-01,0.015
MGLU3,2015-01-15,0.002443
BBAS3,2021-02-23,0.435863
BRSR6,2020-03-11,0.246878
BBSE3,2018-12-12,1.352301
JBSS3,2020-04-29,0.540595
ITUB4,2014-01-02,0.007513
TUPY3,2017-04-04,0.110974
ITUB4,2011-03-10,0.221658
CSNA3,2020-05-07,0.008871
TRPL4,2019-08-05,0.562186
BBDC4,2017-02-02,0.0108
WEGE3,2019-03-25,0.023206
BBDC3,2012-01-03,0.005671
BBDC4,2014-11-04,0.008926
RADL3,2018-09-27,0.031578
BRAP4,2014-04-29,0.363465
GGBR4,2019-05-20,0.07
BRKM5,2012-04-30,0.605085
BBDC4,2019-07-02,0.015681
ITSA4,2013-08-07,0.047874
GGBR4,2020-11-09,0.12
TRPL4,2015-05-07,0.048055
LREN3,2021-03-19,0.072917
ITUB4,2015-08-03,0.009091
ITSA4,2015-12-10,0.099261
BBDC4,2014-09-02,0.008926
CPFE3,2011-08-18,0.73455
LREN3,2020-04-17,0.375969
LREN3,2016-06-23,0.052622
WEGE3,2015-07-29,0.031923
RENT3,2015-07-01,0.037308
HYPE3,2020-06-29,0.29349
LREN3,2018-06-25,0.066058
LCAM3,2013-09-19,0.020985
EMBR3,2010-04-30,0.076279
EMBR3,2011-03-28,0.06
EMBR3,2014-03-25,0.05
CPLE6,2018-01-02,0.101887
FLRY3,2018-01-03,0.131323
ITUB4,2021-04-28,0.05648
TOTS3,2018-08-02,0.06654
CCRO3,2019-05-08,0.297029
TOTS3,2015-12-22,0.063755
SANB4,2012-12-20,0.062369
BBDC4,2020-03-03,0.015681
COGN3,2016-11-17,0.075417
CIEL3,2010-03-15,0.003617
BBDC4,2018-04-03,0.013067
KLBN11,2017-04-26,0.054663
QUAL3,2015-05-04,0.424009
LREN3,2014-04-22,0.137135
GGBR4,2012-11-13,0.07
MRVE3,2010-05-17,0.171394
MRVE3,2015-05-04,0.387787
B3SA3,2015-12-14,0.084171
ELET3,2010-02-01,3.252271
SANB4,2010-03-23,0.046987
CCRO3,2018-04-17,0.049592
BBDC4,2011-07-04,0.0057
ITUB4,2011-02-01,0.005464
JBSS3,2010-05-03,0.026459
VIVT3,2014-11-03,0.25535
VVAR3,2013-04-15,0.003634
BRFS3,2014-07-01,0.414214
RENT3,2016-01-04,0.048218
CSNA3,2015-03-12,0.202633
BBDC3,2015-03-03,0.0074
HYPE3,2019-04-12,0.25472
ITUB4,2011-05-02,0.005464
BBDC4,2011-09-02,0.00627
BBDC4,2013-02-06,0.028668
BBDC4,2017-12-04,0.01188
BBDC3,2016-10-03,0.325071
BBDC3,2016-11-03,0.009818
LCAM3,2018-01-09,0.072061
BBDC4,2013-06-28,0.089292
CPLE6,2019-12-26,0.246692
FLRY3,2018-03-07,0.647735
B3SA3,2015-05-19,0.04137
EGIE3,2016-08-09,0.790752
ENBR3,2015-12-22,0.030253
BBDC4,2015-07-02,0.009818
PCAR3,2010-11-18,0.072663
VIVT3,2017-01-02,0.335519
RADL3,2016-12-16,0.030364
TAEE4,2019-05-06,0.055316
EQTL3,2018-01-04,0.022
ITUB4,2016-05-02,0.009091
HGTX3,2019-09-27,0.12
BBAS3,2010-12-23,0.203766
CIEL3,2014-09-15,0.392998
ITSA4,2018-02-23,0.608409
YDUQ3,2011-04-20,0.155787
CMIG4,2014-11-10,0.730018
TOTS3,2021-04-22,0.09
BBDC3,2021-02-02,0.015681
WEGE3,2010-06-30,0.007396
ITUB4,2012-02-01,0.005464
EGIE3,2014-11-26,0.273309
GGBR4,2019-11-12,0.04
BBDC3,2020-08-04,0.015681
BBDC3,2014-06-25,0.080739
GGBR4,2018-05-22,0.08
GOAU4,2021-03-12,0.08
TOTS3,2017-08-04,0.067011
ITUB4,2011-03-04,0.17385
B3SA3,2011-11-18,0.04038
BRSR6,2010-12-16,0.158792
COGN3,2013-08-09,0.022069
ITUB4,2020-05-04,0.015
VIVT3,2015-11-03,0.048872
BBDC3,2015-09-02,0.00888
ITUB4,2015-03-02,0.008264
TAEE4,2019-08-09,0.240669
EZTC3,2011-04-27,0.289432
ITUB4,2017-02-21,0.516933
WEGE3,2016-06-29,0.025656
CSNA3,2015-01-02,0.202358
RADL3,2015-09-22,0.023931
BBDC3,2010-02-11,0.007596
ENGI11,2012-03-22,0.180004
BBAS3,2014-09-12,0.336522
EQTL3,2016-12-27,0.056
ECOR3,2011-11-09,0.247705
BRDT3,2020-12-22,0.4278
MRVE3,2014-05-16,0.300584
WEGE3,2012-09-26,0.009615
SAPR4,2010-01-04,0.008744
SBSP3,2020-04-29,1.3767
ITUB4,2021-05-03,0.015
BBDC3,2020-07-02,0.015681
CMIG4,2013-12-18,0.153011
CVCB3,2016-12-09,0.151186
BBDC3,2019-12-20,0.416016
CIEL3,2018-03-15,0.390077
BRSR6,2012-11-27,0.151837
ENGI11,2015-05-04,0.533383
MOVI3,2021-06-29,0.080166
BRSR6,2020-12-30,0.048902
TRPL4,2010-04-09,0.101875
RENT3,2016-10-03,0.047968
HYPE3,2020-12-29,0.29285
ABEV3,2010-09-30,0.031585
GGBR4,2018-11-22,0.13
IRBR3,2020-08-17,0.10162
PETR4,2010-05-24,0.17
COGN3,2016-08-18,0.106659
BBDC4,2011-08-02,0.0057
BBDC3,2011-03-02,0.005155
ITUB4,2012-09-03,0.00683
SANB4,2021-02-17,0.071968
EMBR3,2017-09-19,0.04
GGBR4,2016-08-23,0.03
PETR4,2011-03-22,0.17342
WEGE3,2018-07-02,0.019588
CMIG4,2012-12-26,0.796377
BBDC3,2015-06-02,0.00888
BRSR6,2014-05-02,0.169697
YDUQ3,2014-05-02,0.196612
BBDC4,2014-02-11,0.091935
B3SA3,2021-06-30,0.214651
PETR3,2010-11-03,0.14
ITUB4,2019-06-03,0.015
SANB4,2012-06-29,0.023572
PCAR3,2015-04-27,0.688991
ITUB4,2010-05-03,0.005464
BBDC3,2011-12-13,0.224723
BBDC4,2011-06-02,0.0057
ITUB4,2018-04-02,0.01
BBAS3,2014-03-12,0.314638
BBAS3,2013-12-12,0.309285
BBDC3,2017-12-26,0.472367
SANB4,2013-04-01,0.035332
BBDC3,2010-07-02,0.004684
BBDC3,2014-07-02,0.008073
CIEL3,2019-09-25,0.02879
LREN3,2013-04-19,0.244513
ENBR3,2013-12-19,0.060519
LREN3,2021-06-28,0.098314
BBAS3,2011-11-18,0.125885
ELET3,2021-04-28,0.949999
BBDC4,2020-08-04,0.017249
ABEV3,2021-01-14,0.0767
CPLE6,2018-05-16,0.08996
BRAP4,2017-04-28,0.472526
BBDC3,2011-10-04,0.005671
ITSA4,2015-08-13,0.071018
GGBR4,2014-08-12,0.06
ITSA4,2011-12-01,0.007732
JHSF3,2010-10-28,0.095725
B3SA3,2013-08-22,0.048981
BBDC3,2021-02-18,0.018034
EGIE3,2015-05-11,0.210902
TOTS3,2014-03-17,0.236307
HGTX3,2019-05-17,0.1268
TOTS3,2020-12-22,0.1
LCAM3,2020-07-02,0.093779
TRPL4,2011-10-11,0.099969
ABEV3,2015-09-09,0.15
BBDC3,2017-06-02,0.0108
BBDC3,2018-03-02,0.0108
BIDI11,2021-07-23,0.036253
BRSR6,2011-09-02,0.142543
ITSA4,2011-12-27,0.077317
BBDC3,2013-09-03,0.008073
YDUQ3,2016-04-28,0.374527
ITUB4,2017-05-02,0.01
ABEV3,2018-06-18,0.16
ITUB4,2014-11-03,0.008264
RENT3,2014-01-02,0.024419
BBDC4,2010-03-02,0.005677
BBDC3,2017-01-03,0.009818
ITUB4,2012-03-01,0.189605
VIVT3,2012-01-02,0.514966
BBDC3,2013-06-28,0.080762
MULT3,2020-01-02,0.150887
RADL3,2018-06-27,0.030667
SULA4,2020-04-24,0.112775
B3SA3,2015-08-24,0.047583
ENGI11,2016-03-01,0.285136
BBAS3,2012-03-23,0.293279
KLBN11,2015-10-28,0.114626
BBDC3,2018-06-04,0.011879
BBDC3,2021-03-02,0.015681
BBDC3,2018-07-02,0.118778
PCAR3,2018-05-04,0.264626
VIVT3,2016-07-01,0.089413
MGLU3,2020-12-30,0.026301
VALE3,2012-10-17,1.18652
VIVT3,2021-03-01,0.088895
GOAU4,2014-08-12,0.07
MULT3,2019-01-02,0.117766
VIVT3,2011-03-21,2.64899
BBAS3,2016-08-23,0.139965
CIEL3,2015-03-16,0.284297
JHSF3,2013-05-02,0.115963
BRSR6,2019-05-02,0.03378
ABEV3,2012-03-01,0.150496
TIMS3,2020-01-20,0.102353
PETR4,2012-05-14,0.2
WEGE3,2019-07-01,0.021441
RADL3,2017-06-27,0.029723
RENT3,2010-04-01,0.013022
CPFE3,2013-08-23,0.356659
COGN3,2014-07-04,0.449678
BBDC4,2014-10-02,0.008926
B3SA3,2016-05-24,0.031658
BRSR6,2021-03-08,0.22752
BBDC4,2016-09-02,0.0108
BBDC3,2018-04-03,0.011879
ITSA4,2010-01-04,0.016381
BBAS3,2019-12-12,0.176174
TOTS3,2019-12-26,0.076667
BBDC3,2016-05-03,0.009818
PCAR3,2021-05-06,2.176881
CIEL3,2018-09-17,0.529617
BBDC3,2014-10-02,0.008065
BBDC4,2019-12-13,0.553717
BRSR6,2013-06-05,0.148532
ECOR3,2014-11-25,0.50047
TIMS3,2017-04-20,0.061425
BRAP4,2015-11-03,0.408539
BBDC3,2016-12-22,0.14612
BBDC4,2020-06-02,0.017249
HYPE3,2020-03-30,0.29394
KLBN11,2019-08-09,0.182155
VIVT3,2015-02-11,1.582175
BBDC3,2019-10-18,0.784012
CVCB3,2017-12-19,0.261628
BBAS3,2018-03-13,0.08171
EGIE3,2018-04-24,0.780407
USIM5,2010-12-30,0.189246
BBAS3,2013-11-22,0.066615
MULT3,2015-12-22,0.23959
SANB4,2017-05-04,0.069716
HGTX3,2010-12-20,0.122
MULT3,2013-06-28,0.079423
WEGE3,2018-03-05,0.031583
ITUB4,2015-10-01,0.009091
COGN3,2019-11-21,0.004738
IGTA3,2012-04-25,0.189726
BPAC11,2020-01-07,0.155105
BBDC3,2019-10-02,0.014255
BBAS3,2017-06-13,0.078574
BBAS3,2019-06-12,0.171054
RENT3,2020-06-24,0.086217
EQTL3,2021-05-03,0.72
ITSA4,2021-01-26,0.0208
BBAS3,2016-11-22,0.109871
QUAL3,2018-06-07,0.363017
ITUB4,2018-01-02,0.01
TRPL4,2020-07-07,0.151772
BRKM5,2018-05-02,1.885738
BBAS3,2014-12-12,0.339949
SBSP3,2014-04-08,0.786331
FLRY3,2016-12-13,1.05421
VALE3,2010-04-15,0.421661
ITUB4,2021-01-26,0.05016
HAPV3,2018-12-17,0.036864
ALUP3,2019-04-30,0.15
BBDC3,2017-04-04,0.009818
ITSA4,2017-09-01,0.013636
MRVE3,2017-03-06,0.34
PETR3,2010-08-02,0.17
VALE3,2010-10-15,0.471881
ITUB4,2020-12-11,0.06396
PCAR3,2010-05-18,0.072663
B3SA3,2010-12-22,0.004578
UGPA3,2012-08-09,0.255
SANB4,2019-01-08,0.673594
VIVT3,2016-01-04,0.168233
B3SA3,2012-08-10,0.041459
PETR3,2011-05-12,0.2018
ALUP3,2018-12-07,0.06
BBDC3,2013-01-03,0.006238
UGPA3,2015-08-13,0.4
CMIG4,2020-09-28,0.070892
RENT3,2010-05-03,0.008912
LREN3,2020-09-23,0.082685
BBAS3,2016-09-13,0.126652
CYRE3,2014-04-29,0.423071
RADL3,2011-06-22,0.008947
BRAP4,2013-11-01,0.111604
BBDC3,2019-07-02,0.014255
SULA4,2018-03-29,0.054697
CMIG4,2014-12-29,0.152642
CIEL3,2019-03-29,0.054471
ABEV3,2010-03-19,0.043951
BBDC4,2017-10-03,0.01188
BBDC3,2016-03-02,0.008926
MOVI3,2018-01-05,0.069513
BBAS3,2011-12-22,0.280441
CSAN3,2013-08-01,0.185467
CCRO3,2015-12-18,0.050408
BBDC4,2010-12-02,0.005677
VIVT3,2016-10-03,0.360985
BBDC3,2019-08-02,0.014255
USIM5,2019-04-24,0.068897
VIVT3,2013-10-01,0.183722
BBDC3,2013-07-02,0.008073
ABEV3,2011-03-04,0.111874
MRVE3,2021-01-19,0.207093
BRKM5,2016-10-04,1.257159
BRAP4,2014-11-03,0.808894
BBDC3,2014-08-04,0.008065
TUPY3,2016-08-11,0.300725
ITSA4,2021-05-25,0.0184
ITUB4,2019-12-13,0.03756
LOGG3,2020-05-20,0.211742
VIVT3,2012-11-26,0.937417
BBDC4,2019-09-03,0.015681
CYRE3,2020-07-24,0.256908
GOAU4,2010-05-18,0.16
GOAU4,2012-08-14,0.13
ITUB4,2012-06-01,0.00683
GOAU4,2020-12-22,0.09
MRFG3,2010-05-03,0.043941
MULT3,2018-09-27,0.13459
FLRY3,2021-03-03,0.494362
B3SA3,2016-08-23,0.040206
BBAS3,2017-11-22,0.223237
SANB4,2018-10-08,0.084148
TOTS3,2016-04-27,0.135531
HGTX3,2016-12-08,0.261
BBDC4,2013-01-03,0.006897
ITUB4,2010-07-01,0.005464
ITSA4,2020-12-11,0.10165
BBDC3,2017-10-03,0.0108
EZTC3,2018-04-30,0.426108
EMBR3,2013-05-07,0.041322
ITUB4,2013-12-02,0.007513
SANB4,2020-01-06,1.095584
BBSE3,2015-02-13,0.785018
SANB4,2018-07-05,0.084145
LREN3,2018-04-20,0.121964
VALE3,2011-10-17,0.634329
RADL3,2019-06-27,0.032461
BBDC3,2013-06-04,0.006862
ELET3,2010-05-03,0.347981
UGPA3,2017-03-02,0.435
WEGE3,2017-07-03,0.023303
MULT3,2010-05-03,0.113327
ENGI11,2012-08-10,0.252005
BBDC4,2021-05-04,0.018974
ITSA4,2020-12-01,0.02
BBDC4,2019-08-02,0.015681
BBAS3,2010-03-25,0.201718
BPAC11,2021-01-07,0.155656
COGN3,2019-05-22,0.055537
RENT3,2014-05-02,0.056048
EGIE3,2011-08-11,0.806464
MOVI3,2019-07-01,0.075393
BBDC3,2014-11-04,0.008065
BBDC3,2019-02-04,0.011879
CIEL3,2020-01-31,0.008912
BBAS3,2012-05-11,0.06331
VIVT3,2014-03-11,0.871008
RENT3,2021-03-30,0.084795
BBAS3,2017-03-14,0.072115
EMBR3,2017-03-21,0.04
ITSA4,2016-03-01,0.012315
B3SA3,2020-01-02,0.117948
B3SA3,2019-09-25,0.10587
ECOR3,2010-12-09,0.019754
ENBR3,2019-01-02,0.724125
UGPA3,2010-08-19,0.165
BRML3,2018-11-27,0.083109
ABEV3,2014-01-15,0.153986
VALE3,2017-04-24,0.905572
BBDC4,2010-11-03,0.005677
LREN3,2010-04-23,0.131202
LREN3,2011-06-28,0.025319
ENGI11,2016-08-18,0.114652
ABEV3,2014-04-03,0.059994
ITSA4,2019-06-03,0.02
LREN3,2016-12-16,0.059525
RADL3,2015-12-14,0.026087
KLBN11,2016-08-01,0.117915
BBDC3,2014-12-23,0.253242
EZTC3,2017-05-02,0.901068
BRML3,2014-05-02,0.210383
VIVT3,2014-04-24,0.110683
UGPA3,2020-02-28,0.24
LREN3,2016-09-27,0.057238
BBDC4,2017-07-03,0.118797
ITSA4,2012-09-03,0.009126
ITUB4,2013-08-01,0.007513
ITSA4,2014-03-05,0.010154
CIEL3,2016-09-19,0.225843
VIVT3,2019-03-01,0.388753
LREN3,2017-03-22,0.061296
VALE3,2021-06-24,2.18967
BRML3,2012-04-25,0.100774
FLRY3,2014-11-07,0.319911
TRPL4,2010-05-05,0.126201
KLBN11,2019-12-23,0.189746
LCAM3,2021-03-25,0.087992
ABEV3,2015-01-08,0.96
BBSE3,2014-08-19,0.597661
BBDC4,2010-10-04,0.005677
VIVT3,2019-04-12,1.371012
BRSR6,2018-12-27,0.10999
EZTC3,2017-12-07,2.202774
LAME4,2021-01-05,0.2149
TOTS3,2012-12-26,0.082748
MOVI3,2018-12-21,0.142864
BBSE3,2014-02-17,0.58965
CCRO3,2017-10-20,0.438614
BBDC4,2021-06-02,0.018974
ITUB4,2020-06-01,0.015
RADL3,2020-09-25,0.030314
LCAM3,2018-04-02,0.023345
BBDC4,2013-03-04,0.006897
TOTS3,2017-04-24,0.015021
LCAM3,2015-09-23,0.017104
ELET6,2010-02-01,0.199746
PETR4,2011-08-03,0.2073
MULT3,2012-12-12,0.198554
ITUB4,2018-03-01,0.01
EMBR3,2016-06-21,0.04
CPLE6,2021-04-01,0.578739
CCRO3,2017-04-12,0.19802
TRPL4,2013-12-26,0.324763
CPLE6,2019-04-30,0.037881
RADL3,2018-12-17,0.034007
ELET6,2020-07-30,1.787923
ITUB4,2011-03-01,0.005464
CMIG4,2010-12-17,0.597283
BBAS3,2012-09-12,0.285821
BBDC4,2010-02-11,0.009206
COGN3,2014-05-14,0.060805
VIVT3,2010-04-08,2.31973
UGPA3,2021-03-05,0.44
VIVT3,2016-03-01,0.111072
MRVE3,2021-04-30,0.270585
CMIG4,2010-04-30,0.308829
MRVE3,2019-11-18,0.370142
ITUB4,2019-04-01,0.015
ELET6,2017-05-02,1.79227
WEGE3,2016-12-19,0.030272
MULT3,2016-07-01,0.168277
ITSA4,2020-09-01,0.02
HGTX3,2013-10-18,0.3037
BBDC3,2012-06-28,0.062384
ITUB4,2014-08-14,0.179372
BBAS3,2015-05-22,0.451138
BIDI11,2019-10-01,0.018217
CVCB3,2017-05-02,0.149981
VIVT3,2015-08-03,0.122735
CIEL3,2013-09-16,0.309651
CIEL3,2019-06-28,0.049418
ECOR3,2012-11-13,0.257773
ITUB4,2010-10-01,0.005464
ITSA4,2019-08-16,0.3405
WEGE3,2018-03-26,0.020181
CSAN3,2014-05-02,0.092769
RENT3,2013-04-30,0.007454
SUZB3,2013-05-02,0.08655
TAEE4,2017-05-23,0.172384
LREN3,2021-04-26,0.03894
LAME4,2013-09-09,0.018237
VIVT3,2017-03-02,0.099965
SANB4,2011-12-22,0.107361
SUZB3,2019-04-22,0.4447
TOTS3,2015-03-02,0.255354
RADL3,2020-06-26,0.029708
COGN3,2018-05-18,0.110791
KLBN11,2018-02-07,0.162667
BRSR6,2015-09-10,0.228695
BBDC4,2015-03-03,0.008926
ITUB4,2013-10-01,0.007513
TOTS3,2019-08-13,0.063333
ITUB4,2018-12-03,0.015
B3SA3,2013-04-18,0.067079
BBDC3,2021-07-02,0.017249
FLRY3,2015-06-15,0.020795
CPLE6,2010-08-23,0.027742
MGLU3,2019-10-08,0.018402
HAPV3,2020-04-29,0.003297
ITSA4,2018-08-20,0.2088
BBAS3,2013-03-12,0.264928
EGIE3,2013-11-26,0.300026
TOTS3,2016-12-22,0.082724
LCAM3,2016-06-28,0.029733
CMIG4,2016-01-04,0.132732
TOTS3,2010-03-25,0.105939
MGLU3,2020-01-02,0.008947
BBDC4,2020-02-18,0.052921
PETR3,2019-08-13,0.2
COGN3,2013-05-15,0.038179
SANB4,2020-05-08,0.125084
MOVI3,2018-07-02,0.0326
BRSR6,2010-09-02,0.107153
GOAU4,2019-05-20,0.04
BBDC3,2020-12-29,0.343201
HYPE3,2011-05-02,0.120572
GOAU4,2020-03-02,0.02
ITUB4,2019-07-01,0.015
BBDC4,2020-01-03,0.015681
EGIE3,2020-08-10,0.830573
MRVE3,2018-05-29,0.349988
HGTX3,2020-12-17,0.2205
BBDC4,2011-12-13,0.248458
CIEL3,2019-09-13,0.003389
ENBR3,2021-04-12,0.728751
TRPL4,2010-07-08,0.08732
BBDC3,2010-04-05,0.004684
LREN3,2018-03-21,0.065806
HGTX3,2016-11-07,0.2485
ITUB4,2016-04-01,0.009091
JBSS3,2019-05-02,0.002245
QUAL3,2021-01-04,0.119719
LOGG3,2021-03-08,0.325427
LAME4,2018-01-05,0.074803
BBDC4,2016-12-22,0.160732
WEGE3,2017-07-24,0.020386
LREN3,2013-03-18,0.018235
CPLE6,2020-12-29,0.310016
PETR4,2012-03-20,0.1244
GGBR4,2015-03-17,0.07
BBDC4,2020-12-29,0.377521
TRPL4,2012-04-17,0.103843
TOTS3,2017-12-28,0.035497
ENBR3,2011-04-08,0.51131
BBDC4,2013-08-02,0.008926
ELET3,2013-12-30,1.023011
BBDC4,2014-04-02,0.008926
ENGI11,2019-02-28,0.65
IGTA3,2018-04-20,0.679834
ENBR3,2015-04-13,0.13119
VIVT3,2015-04-10,0.015526
EZTC3,2016-05-02,0.777262
BBDC4,2013-04-02,0.007587
BBDC4,2013-12-03,0.008926
PCAR3,2018-10-03,0.405994
QUAL3,2017-09-11,0.35079
CPLE6,2018-12-28,0.10727
BBDC4,2020-04-02,0.015681
IGTA3,2019-04-22,0.638281
BBDC3,2013-03-04,0.007339
BBDC4,2012-12-04,0.006897
BBDC4,2016-10-03,0.357578
CYRE3,2020-04-27,0.256908
BBDC4,2010-06-02,0.005676
ALUP3,2021-04-28,0.28
EQTL3,2019-05-02,0.19
BEEF3,2021-04-13,0.729812
BBDC4,2015-11-04,0.009818
BBDC3,2016-09-02,0.009818
SANB4,2014-01-02,0.099329
BBDC4,2017-06-02,0.01188
SAPR4,2020-01-02,0.106622
HGTX3,2019-01-04,0.2478
VALE3,2018-08-03,1.480362
TOTS3,2018-04-06,0.011079
WEGE3,2017-10-02,0.022353
BIDI11,2019-12-27,0.054508
RADL3,2015-02-27,0.017589
ABEV3,2017-12-19,0.31
RADL3,2016-06-27,0.029028
RADL3,2012-09-24,0.008778
COGN3,2018-08-21,0.109154
ITUB4,2019-02-22,1.0507
ITUB4,2017-08-15,0.266
JBSS3,2018-05-02,0.046776
TRPL4,2020-07-08,0.151772
ITSA4,2016-02-19,0.14926
BBAS3,2020-02-26,0.438882
VALE3,2011-01-17,0.320048
ITSA4,2010-08-11,0.033555
COGN3,2014-03-19,0.025849
WEGE3,2012-03-21,0.009615
SAPR4,2019-04-25,0.066671
EQTL3,2016-04-18,0.13
VIVT3,2011-04-01,2.63251
BBDC4,2021-02-02,0.017249
CIEL3,2018-07-02,0.115127
LREN3,2015-06-19,0.034207
FLRY3,2016-04-11,0.068337
ITUB4,2021-02-26,0.146987
CSNA3,2018-08-23,0.644874
BBAS3,2018-06-12,0.077203
RADL3,2011-03-22,0.008681
ITSA4,2018-12-18,0.0081
GGBR4,2014-11-18,0.05
BBAS3,2015-08-24,0.141039
BBDC4,2018-12-26,0.502894
LCAM3,2019-09-25,0.08706
EGIE3,2017-08-10,1.150736
BBDC3,2020-04-02,0.014255
BIDI11,2020-07-28,0.010553
BRAP4,2020-11-12,2.003398
ITUB4,2017-06-01,0.01
BBAS3,2013-06-12,0.281982
WEGE3,2013-02-27,0.030473
CPFE3,2018-04-30,0.275259
BBDC3,2016-07-04,0.009818
CMIG4,2011-12-12,0.564101
BBDC3,2017-03-02,0.009818
ITUB4,2018-12-28,0.0106
BBDC4,2019-10-02,0.015681
SAPR4,2018-04-27,0.004454
SULA4,2019-12-19,0.087586
WEGE3,2021-06-28,0.020529
TOTS3,2016-08-05,0.088843
QUAL3,2016-11-14,0.897077
ALUP3,2018-02-02,0.07
TRPL4,2018-12-07,1.859207
CPLE6,2021-04-30,0.079551
CCRO3,2019-10-21,0.465346
BBDC4,2013-07-02,0.008926
ITSA4,2018-06-01,0.013636
BRDT3,2021-04-16,0.95037
FLRY3,2019-01-03,0.12696
COGN3,2013-04-23,0.014177
SANB4,2015-03-30,0.020842
KLBN11,2014-03-21,0.09833
CCRO3,2020-10-02,0.184774
MRVE3,2013-05-16,0.262365
BRDT3,2018-04-26,0.388501
SAPR4,2011-01-03,0.007917
ITSA4,2020-08-18,0.02
WEGE3,2012-07-25,0.014793
BBDC4,2019-05-03,0.015681
TOTS3,2010-12-22,0.048542
CSAN3,2020-06-04,0.374438
BBDC4,2016-12-02,0.0108
EQTL3,2020-07-09,0.319968
EGIE3,2010-11-18,0.269632
ENBR3,2020-01-02,0.390207
VIVT3,2016-05-02,0.12218
SANB4,2010-07-01,0.124424
LAME4,2015-01-09,0.013666
BBDC3,2010-12-02,0.005152
WEGE3,2014-06-25,0.013575
MGLU3,2020-07-31,0.023541
BRFS3,2013-01-02,0.170718
BBAS3,2015-11-24,0.170805
HGTX3,2017-11-30,0.2595
BBDC3,2013-10-02,0.008073
BBDC4,2020-05-05,0.017249
BBDC4,2010-01-05,0.005677
ITUB4,2010-12-01,0.005464
B3SA3,2010-05-03,0.041201
GGBR4,2011-05-20,0.06
TAEE4,2020-08-18,0.270253
HGTX3,2010-07-29,0.108333
YDUQ3,2016-11-11,0.907916
PETR4,2011-04-29,0.1265
ALUP3,2018-04-27,0.11
ITUB4,2013-11-01,0.007513
BBDC3,2010-09-02,0.005152
BBAS3,2011-06-22,0.262432
ITSA4,2021-04-30,0.02131
CMIG4,2014-06-30,1.130875
BRSR6,2011-11-23,0.144345
LCAM3,2018-06-27,0.072687
BBDC4,2014-07-02,0.008926
ENGI11,2018-03-01,0.498489
BBAS3,2011-08-19,0.212075
BBDC3,2019-06-04,0.014255
EGIE3,2015-08-21,0.381501
SANB4,2014-06-26,0.055551
ITSA4,2011-01-04,0.04096
SULA4,2020-03-27,0.112775
SBSP3,2021-04-30,0.3979
PETR4,2010-08-02,0.17
CSAN3,2019-05-03,0.249943
FLRY3,2013-11-06,0.058499
VIVT3,2014-12-01,0.386857
BRSR6,2017-03-14,0.198206
ITUB4,2020-02-21,0.4832
CYRE3,2020-12-16,1.560452
ITSA4,2014-12-01,0.01117
LCAM3,2017-06-28,0.022046
HGTX3,2012-06-18,0.128
YDUQ3,2020-04-27,0.509723
ENBR3,2014-12-30,0.276368
ITUB4,2016-11-01,0.01
EMBR3,2018-10-25,0.01
WEGE3,2020-07-27,0.063401
BBDC3,2015-10-02,0.00888
WEGE3,2015-03-25,0.016063
ELET6,2015-05-04,0.103847
BBDC3,2014-06-03,0.008073
SAPR4,2014-04-28,0.047164
ITSA4,2010-06-01,0.007719
BBDC4,2011-01-04,0.0057
MRVE3,2010-12-30,0.156
BBDC4,2020-12-02,0.017249
LCAM3,2016-12-21,0.003905
BIDI11,2019-12-30,0.018155
BRAP4,2013-04-30,0.59251
MGLU3,2014-02-21,0.002053
BBDC3,2021-05-04,0.017249
WEGE3,2020-03-23,0.015118
USIM5,2018-04-26,0.047531
TIMS3,2019-08-12,0.152419
RADL3,2017-09-28,0.030936
B3SA3,2010-08-24,0.039339
ENBR3,2010-12-27,0.219768
ITUB4,2018-11-01,0.01
BPAC11,2019-01-08,0.173165
PCAR3,2011-08-02,0.081818
ABEV3,2016-11-01,0.16
SAPR4,2013-04-26,0.03198
TUPY3,2018-03-19,0.346817
BRFS3,2010-06-29,0.051966
JHSF3,2011-05-02,0.234621
UGPA3,2010-03-04,0.14875
BBDC4,2010-02-02,0.005677
ITSA4,2021-03-26,0.01908
VALE3,2017-12-22,0.419912
RENT3,2020-12-16,0.084906
RENT3,2013-07-01,0.022497
WEGE3,2020-12-21,0.018441
SANB4,2014-03-27,0.016747
TAEE4,2019-11-21,0.180497
MOVI3,2019-10-04,0.093238
ITUB4,2012-08-02,0.126312
CCRO3,2021-04-09,0.089842
ITUB4,2020-10-01,0.015
FLRY3,2016-08-03,0.101626
RADL3,2020-03-27,0.028495
BBDC4,2010-09-02,0.005677
LAME4,2019-12-10,0.167624
BBDC4,2015-02-10,0.0679
ITSA4,2012-06-01,0.009126
BBDC3,2015-06-23,0.088871
WEGE3,2019-12-23,0.019118
CSNA3,2021-05-03,0.652949
TIMS3,2019-01-03,0.156997
TRPL4,2010-01-12,0.264888
BRSR6,2018-01-05,0.303487
ITUB4,2019-05-02,0.015
BRSR6,2012-06-05,0.160549
ENGI11,2014-08-20,0.279154
BBSE3,2021-02-12,0.476121
FLRY3,2013-12-10,0.063982
ITUB4,2012-12-26,0.142067
BRSR6,2019-06-06,0.07829
PCAR3,2018-12-05,0.252186
EQTL3,2012-03-20,0.03053
ITUB4,2012-07-02,0.00683
CIEL3,2017-06-30,0.119921
IRBR3,2018-11-08,0.179101
ENGI11,2011-08-22,0.252005
BBDC3,2011-08-02,0.005155
BBDC4,2012-08-02,0.006897
MGLU3,2020-04-14,0.179508
ITUB4,2016-02-01,0.009091
ITUB4,2017-04-03,0.01
PCAR3,2013-04-18,0.593716
BBDC4,2018-03-02,0.01188
JBSS3,2021-04-29,1.016679
BBDC3,2020-01-03,0.014255
ITUB4,2021-06-01,0.015
RENT3,2020-03-16,0.089006
HGTX3,2015-05-28,0.1725
PETR4,2011-11-14,0.2
BBDC3,2012-05-03,0.006238
TIMS3,2016-04-13,0.193624
VALE3,2018-03-07,0.488511
FLRY3,2019-03-07,0.687431
FLRY3,2011-08-22,0.068546
CPFE3,2017-01-13,0.217877
BBDC4,2015-01-05,0.008926
ITUB4,2016-12-23,0.314267
HAPV3,2021-01-08,0.025131
ITUB4,2017-08-01,0.01
LREN3,2017-12-20,0.067011
BEEF3,2020-11-09,0.257832
ELET6,2011-06-17,1.719
RENT3,2012-07-02,0.022411
ITUB4,2010-09-01,0.005464
BRAP4,2016-12-23,0.111003
TUPY3,2017-08-21,0.346795
MGLU3,2020-08-03,0.094176
SBSP3,2010-03-01,0.05
HGTX3,2014-04-24,0.3037
UGPA3,2018-08-10,0.28
ITUB4,2016-06-01,0.009091
BRKM5,2015-04-10,0.60625
TAEE4,2018-05-15,0.245617
BRML3,2010-05-03,0.08102
MULT3,2017-09-27,0.108582
ENGI11,2020-02-28,0.32
HYPE3,2016-07-28,0.25
BPAC11,2020-07-23,0.147362
KLBN11,2015-07-28,0.18668
PETR3,2011-04-29,0.1265
BBAS3,2016-06-14,0.137755
ITUB4,2020-02-03,0.015
EGIE3,2013-08-19,0.940728
PETR3,2019-11-12,0.200925
ALUP3,2020-04-28,0.23
BEEF3,2011-03-04,0.062425
KLBN11,2018-08-06,0.168147
EQTL3,2014-04-28,0.018
PCAR3,2015-07-29,0.136365
ITUB4,2011-06-01,0.005464
UGPA3,2016-08-18,0.4
CSAN3,2016-05-16,0.178635
HGTX3,2012-10-18,0.6089
GOAU4,2013-11-12,0.16
ITSA4,2018-03-01,0.013636
VIVT3,2017-12-27,0.825622
BBSE3,2019-08-12,0.898819
EMBR3,2016-03-22,0.04
ITUB4,2013-01-02,0.00683
SUZB3,2018-04-27,0.192228
ITUB4,2019-10-01,0.015
BBSE3,2018-02-23,0.957634
SULA4,2019-09-25,0.047806
TRPL4,2011-01-17,0.087461
ITUB4,2011-08-01,0.005464
EMBR3,2015-08-18,0.04
ITSA4,2010-03-03,0.099914
BBAS3,2015-12-14,0.274491
BBDC3,2020-05-05,0.015681
ENBR3,2010-04-12,0.614351
VIVT3,2010-01-04,0.322946
ITUB4,2018-08-01,0.01
BBDC3,2014-02-11,0.083137
SBSP3,2018-04-30,1.0298
UGPA3,2019-08-23,0.2
BRKM5,2017-12-04,1.256718
TIMS3,2018-04-20,0.042695
LCAM3,2015-03-25,0.021325
CYRE3,2019-12-11,1.040511
RENT3,2012-10-01,0.021694
BBSE3,2016-02-24,0.837775
RENT3,2016-07-01,0.053393
ITSA4,2019-02-22,0.4532
CYRE3,2015-04-29,0.041499
VVAR3,2016-04-27,5.26E-4
BBDC3,2021-01-05,0.015681
BBAS3,2014-05-20,0.081217
BRKM5,2016-04-07,1.256718
BBDC3,2010-10-04,0.005152
LREN3,2020-03-20,0.073055
BBAS3,2011-09-22,0.278181
RENT3,2015-10-01,0.042877
BBDC4,2020-09-02,0.017249
BBAS3,2018-05-22,0.213954
ABEV3,2020-12-18,0.4137
ELET3,2020-05-04,1.590851
B3SA3,2021-01-04,0.1858
BBDC3,2012-08-02,0.006238
RENT3,2013-03-21,0.021125
ITSA4,2017-02-21,0.151543
BRFS3,2013-04-22,0.052051
EQTL3,2010-04-30,0.079645
BBDC3,2010-06-29,0.046834
LCAM3,2020-12-28,0.087663
CSAN3,2011-08-01,0.123068
MRVE3,2019-11-19,0.370134
RENT3,2018-09-28,0.064169
BRSR6,2015-03-05,0.188255
VIVT3,2014-01-02,0.634675
ITUB4,2015-09-01,0.009091
BBDC3,2011-04-04,0.005155
WEGE3,2011-02-23,0.024112
BEEF3,2012-03-07,0.197204
GOAU4,2011-08-16,0.15
PCAR3,2012-08-01,0.1
WEGE3,2020-09-28,0.017235
KLBN11,2017-11-03,0.163772
BBAS3,2012-02-22,0.156996
BRAP4,2019-01-02,0.644055
BRFS3,2014-01-02,0.419224
ITUB4,2011-09-01,0.005464
CPFE3,2012-04-13,0.745121
MGLU3,2017-12-20,0.012378
BBDC4,2019-06-04,0.015681
CRFB3,2018-11-13,0.19166
BBDC4,2013-12-26,0.152999
GOAU4,2018-11-22,0.09
MOVI3,2020-01-06,0.133723
HGTX3,2017-09-08,0.3089
ITSA4,2013-09-02,0.010114
ABEV3,2010-09-29,0.031585
SULA4,2021-01-07,0.049538
TUPY3,2019-05-22,0.173397
SANB4,2017-08-03,0.069881
BRDT3,2019-04-25,2.2064
BRML3,2018-12-26,0.011872
PCAR3,2014-08-04,0.127272
BRDT3,2020-07-29,0.0428
WEGE3,2013-09-25,0.011312
MULT3,2017-06-27,0.184019
VIVT3,2015-10-01,0.081638
ITUB4,2019-03-01,0.015
JHSF3,2021-04-01,0.210804
BBDC3,2012-11-05,0.006238
GOAU4,2018-05-22,0.04
ITUB4,2011-10-03,0.005464
BBAS3,2010-05-25,0.207866
EQTL3,2018-04-30,0.220207
BBAS3,2015-09-14,0.266078
LCAM3,2015-06-25,0.024035
TOTS3,2013-08-02,0.04416
TUPY3,2018-08-14,0.260096
SAPR4,2015-07-01,0.071105
ITUB4,2021-05-25,0.04874
ALUP3,2017-04-26,0.170828
ABEV3,2018-02-01,0.07
SULA4,2019-01-02,0.127579
EGIE3,2015-11-24,0.384838
CSNA3,2013-04-02,0.37144
HGTX3,2018-06-08,0.2471
BBDC3,2018-07-03,0.011879
TIMS3,2018-05-14,0.09504
WEGE3,2012-02-15,0.02071
TRPL4,2020-04-17,0.228164
LREN3,2018-12-27,0.08085
EZTC3,2012-04-30,0.390648
RADL3,2010-03-23,0.005199
LAME4,2011-01-10,0.005241
RENT3,2012-03-16,0.021015
RENT3,2012-05-02,0.0382
WEGE3,2016-08-01,0.013963
B3SA3,2017-05-23,0.022958
RADL3,2010-09-17,0.005914
GGBR4,2015-11-10,0.04
TUPY3,2015-08-14,0.742212
B3SA3,2011-06-22,0.017043
EMBR3,2015-12-22,0.04
SAPR4,2018-07-03,0.108701
MULT3,2018-06-27,0.184595
TOTS3,2014-12-23,0.040101
BRSR6,2011-05-23,0.140655
BBDC3,2015-02-03,0.008073
GGBR4,2019-03-07,0.1
CYRE3,2018-12-19,0.598713
TRPL4,2015-11-26,0.347065
TAEE4,2019-12-17,0.060138
GNDI3,2020-03-26,0.166727
CMIG4,2012-04-30,0.429393
PCAR3,2019-06-28,0.129556
EGIE3,2021-04-29,0.018649
B3SA3,2016-12-22,0.06863
MRFG3,2021-04-12,0.20389
LREN3,2016-03-16,0.052187
VIVT3,2021-04-01,0.160098
PETR4,2010-12-22,0.2
MGLU3,2015-04-28,0.003402
BBSE3,2020-08-13,0.875255
ABEV3,2014-07-29,0.16
LAME4,2012-09-11,0.018393
USIM5,2021-04-30,0.131916
BBDC4,2010-12-07,0.176101
BRSR6,2021-06-04,0.242267
CSAN3,2015-09-14,0.092397
LAME4,2011-10-24,0.014604
BBAS3,2014-08-20,0.07878
ITUB4,2017-02-01,0.01
ITSA4,2019-03-01,0.02
IGTA3,2013-04-25,0.401743
ITUB4,2020-04-01,0.015
VIVT3,2019-05-02,0.316556
BRSR6,2020-12-11,0.102695
PETR3,2018-08-14,0.05
ITUB4,2015-07-01,0.008264
VIVT3,2014-10-01,0.2089
IGTA3,2017-04-27,0.339773
EZTC3,2014-05-02,0.695859
SULA4,2020-04-27,0.112775
ENBR3,2011-12-14,0.2716
ITUB4,2018-02-16,1.4084
ITUB4,2020-07-01,0.015
CCRO3,2014-09-29,0.7359
LREN3,2019-04-22,0.22925
LREN3,2019-06-26,0.077036
VALE3,2013-10-18,0.120605
PCAR3,2011-11-16,0.081818
BRSR6,2019-03-08,0.31219
ITUB4,2013-08-07,0.138943
WEGE3,2011-09-21,0.012182
SANB4,2014-09-26,0.030551
BRSR6,2016-12-15,0.041567
BBDC4,2018-05-03,0.013067
B3SA3,2020-07-01,0.048932
LCAM3,2019-03-27,0.102478
BBDC3,2014-03-06,0.008073
VIVT3,2020-03-02,0.149947
SANB4,2021-01-11,0.093458
SANB4,2018-04-06,0.083963
BBDC4,2017-11-03,0.01188
BBDC3,2015-11-04,0.00888
ITSA4,2021-05-28,0.0184
PETR3,2020-04-28,0.233649
TRPL4,2017-11-21,0.554575
TIMS3,2017-11-16,0.078534
BRSR6,2017-05-16,0.199817
ITUB4,2012-04-02,0.00683
RENT3,2015-01-02,0.024662
ABEV3,2013-02-28,0.127188
LAME4,2014-09-09,0.024836
MULT3,2012-05-02,0.091541
BBDC3,2014-05-05,0.008073
ITUB4,2021-03-26,0.05064
JBSS3,2016-05-02,0.405459
AMER3,2011-03-28,0.049955
SBSP3,2015-04-02,0.36913
TUPY3,2018-05-15,0.260096
BBDC4,2012-12-26,0.221013
BRAP4,2017-12-26,0.955695
ITUB4,2018-07-02,0.01
BBDC3,2020-02-18,0.04811
ITSA4,2011-03-30,0.061586
WEGE3,2015-12-16,0.022625
PETR4,2018-11-22,0.1
B3SA3,2013-05-21,0.084694
ELET3,2014-05-02,0.412252
BRAP4,2011-04-29,0.164771
BBDC3,2013-08-02,0.008073
RENT3,2014-07-02,0.021769
BBDC3,2014-01-03,0.008073
WEGE3,2016-02-24,0.031133
GGBR4,2014-05-22,0.07
VIVT3,2011-01-03,0.374376
FLRY3,2019-07-31,0.20027
ITUB4,2011-12-01,0.005464
SAPR4,2021-01-04,0.099453
PCAR3,2015-05-19,0.136365
BRSR6,2019-05-17,0.284804
CMIG4,2016-05-02,0.288007
KLBN11,2017-05-05,0.063325
BRSR6,2010-12-02,0.127664
BBAS3,2019-03-07,0.590146
MULT3,2014-07-01,0.124217
KLBN11,2017-08-02,0.129926
BBAS3,2011-02-22,0.32618
BBDC4,2020-07-02,0.017249
RENT3,2011-01-03,0.013996
RENT3,2014-10-01,0.023165
WEGE3,2016-03-23,0.021267
WEGE3,2018-07-23,0.041197
WEGE3,2013-03-27,0.009572
WEGE3,2017-03-27,0.025113
B3SA3,2012-03-30,0.03914
CIEL3,2019-06-12,0.079959
CIEL3,2014-03-17,0.337243
EGIE3,2012-04-16,0.317026
TAEE4,2017-08-17,0.067622
CMIG4,2018-12-26,0.124061
CPFE3,2014-09-05,0.414764
BBDC3,2012-07-03,0.073393
LAME4,2010-10-18,0.009498
CCRO3,2011-04-20,0.057077
BBDC4,2015-12-02,0.009818
MULT3,2015-07-01,0.159024
ENBR3,2016-12-29,0.544471
HYPE3,2019-10-03,0.25537
HGTX3,2016-04-28,0.2486
BRML3,2010-05-04,0.081619
EMBR3,2012-06-26,0.0765
WEGE3,2010-03-24,0.006361
CCRO3,2010-04-29,0.0575
BRSR6,2021-06-02,0.242267
B3SA3,2014-08-12,0.03646
BRAP4,2010-05-03,0.469549
BBDC3,2010-08-03,0.005152
PCAR3,2011-05-20,0.081818
COGN3,2017-11-17,0.104508
LCAM3,2016-09-27,0.029914
CIEL3,2017-09-18,0.369225
GOAU4,2019-03-07,0.05
ITUB4,2012-10-01,0.00683
CPFE3,2016-05-02,0.206869
ENGI11,2014-02-28,0.408761
ITSA4,2020-03-02,0.02
ENBR3,2012-12-27,0.270402
BBDC4,2021-02-18,0.019837
ITUB4,2013-06-03,0.007513
GOAU4,2014-11-18,0.04
UGPA3,2012-02-23,0.255
PCAR3,2012-06-12,0.1
BBDC4,2016-06-02,0.0108
PCAR3,2011-04-01,0.409186
BBDC4,2010-07-02,0.005676
PETR3,2019-05-22,0.1
ELET6,2021-02-04,1.578642
GNDI3,2021-05-14,0.28433
YDUQ3,2013-05-02,0.089249
BBDC3,2012-12-26,0.1999
BBDC4,2013-05-03,0.007587
BBDC4,2018-07-02,0.130655
ELET6,2019-04-30,1.471306
BRSR6,2016-03-11,0.186328
BBAS3,2021-03-12,0.145714
BRFS3,2016-01-04,0.697359
BBDC3,2018-08-02,0.011879
HGTX3,2019-12-17,0.112
RADL3,2017-12-18,0.031239
SULA4,2020-02-27,0.112775
RADL3,2014-03-24,0.004679
HGTX3,2011-06-20,0.09
SANB4,2015-09-10,0.424393
ITUB4,2015-08-13,0.209697
ITUB4,2012-05-02,0.00683
HGTX3,2010-04-16,0.12149
BBDC4,2014-06-03,0.008926
GOAU4,2014-05-22,0.11
KLBN11,2019-11-07,0.278926
VVAR3,2013-09-27,0.161064
WEGE3,2014-03-26,0.012356
ABEV3,2012-06-22,0.042796
ABEV3,2012-10-01,0.10269
LREN3,2013-09-19,0.019366
SULA4,2020-10-06,0.061235
BBDC3,2013-11-04,0.008073
GNDI3,2021-04-27,0.286875
BBDC3,2020-09-02,0.015681
VIVT3,2018-12-18,0.749738
MGLU3,2012-05-02,4.64E-4
WEGE3,2021-03-29,0.016912
CMIG4,2017-05-15,0.101695
BBDC4,2011-04-04,0.0057
KLBN11,2019-02-13,0.018999
BBDC4,2011-06-28,0.06706
ABEV3,2013-09-16,0.129988
LAME4,2017-01-05,0.02441
SANB4,2015-01-02,0.0959
GGBR4,2012-05-14,0.06
CCRO3,2018-10-24,0.396039
ITUB4,2014-10-01,0.008264
VIVT3,2021-04-16,0.941818
EZTC3,2021-04-29,0.423955
YDUQ3,2018-11-16,1.332831
BBAS3,2014-02-14,0.132155
GOAU4,2011-03-15,0.09
CPLE6,2010-04-28,0.02015
WEGE3,2011-12-21,0.012182
CIEL3,2011-09-16,0.008898
BRSR6,2021-01-04,0.078244
BBDC3,2013-04-02,0.006862
VIVT3,2017-04-27,1.062955
ITUB4,2018-10-01,0.01
UGPA3,2011-03-03,0.235
EQTL3,2014-12-22,0.06
BBAS3,2018-09-12,0.085491
HGTX3,2018-04-10,0.1853
ECOR3,2017-03-30,0.18639
B3SA3,2019-03-27,0.064317
HGTX3,2014-12-15,0.1395
SAPR4,2017-01-02,0.102426
SAPR4,2016-07-01,0.104864
BBDC4,2018-06-04,0.013067
PETR3,2013-04-30,0.13431
EGIE3,2017-11-10,0.520266
ITSA4,2015-06-01,0.012315
FLRY3,2010-12-20,0.076948
GOAU4,2020-11-09,0.07
CIEL3,2016-03-14,0.199617
VIVT3,2012-04-12,0.732386
PCAR3,2016-04-28,0.013703
ABEV3,2016-07-12,0.13
CRFB3,2021-04-14,0.382379
ECOR3,2018-05-02,0.3682
EMBR3,2011-06-21,0.1
LREN3,2019-03-22,0.083827
TRPL4,2016-06-22,0.166949
CMIG4,2011-05-02,0.396885
LOGG3,2019-06-03,0.139977
SAPR4,2010-07-01,0.020455
MULT3,2011-05-02,0.192896
ITUB4,2019-12-02,0.015
UGPA3,2018-03-02,0.45
BBDC3,2016-12-02,0.009818
FLRY3,2013-08-08,0.139628
BBDC4,2010-08-03,0.005677
CIEL3,2011-03-15,0.309564
ECOR3,2012-03-19,0.090919
BRFS3,2012-06-29,0.115011
SAPR4,2019-07-01,0.118851
CYRE3,2016-04-29,0.279175
BRAP4,2019-05-02,0.59492
SANB4,2012-09-27,0.069299
EGIE3,2014-09-12,0.566
EMBR3,2018-03-16,0.02
BBDC3,2012-03-02,0.005671
EGIE3,2017-05-30,0.50206
EMBR3,2013-03-22,0.034
CIEL3,2013-03-14,0.013247
BBDC4,2011-12-02,0.00627
TAEE4,2018-08-10,0.159023
CPLE6,2017-05-02,0.194342
CIEL3,2017-01-04,0.091378
FLRY3,2020-01-03,0.112479
B3SA3,2013-05-22,0.008623
CRFB3,2018-05-04,0.098613
BRSR6,2013-03-05,0.147334
LREN3,2013-12-19,0.019594
BRSR6,2010-06-07,0.105733
IGTA3,2015-04-28,0.340119
VIVT3,2016-04-01,0.187157
ENBR3,2017-12-27,0.119949
LREN3,2012-04-23,0.235296
ITUB4,2012-01-02,0.005464
BBDC4,2016-01-05,0.009818
SULA4,2020-03-23,0.063767
MULT3,2019-10-01,0.134171
MRVE3,2019-12-11,0.370116
CIEL3,2021-02-02,0.005522
VALE3,2014-04-15,0.898904
GGBR4,2014-03-06,0.07
BBDC3,2015-08-04,0.00888
VIVT3,2015-05-26,0.170179
BBDC4,2021-07-05,0.539008
BBDC4,2012-02-02,0.00627
PETR4,2011-05-12,0.2136
SANB4,2017-01-05,0.088831
BBDC3,2011-05-03,0.005155
BRSR6,2018-10-30,0.171097
ITUB4,2014-04-01,0.007513
SUZB3,2010-08-11,0.122681
BRAP4,2021-07-16,1.780798
MRFG3,2011-01-03,0.099633
TAEE4,2017-12-19,0.090097
TIMS3,2010-04-28,0.125056
BBDC4,2012-10-02,0.008114
TOTS3,2020-04-28,0.043381
LAME4,2016-10-06,0.021129
JHSF3,2021-04-05,0.210369
BRSR6,2017-11-14,0.073342
COGN3,2015-11-13,0.046019
YDUQ3,2015-04-29,0.328685
SAPR4,2014-07-01,0.061257
BBDC3,2018-05-03,0.011879
GGBR4,2018-03-12,0.03
LAME4,2013-01-09,0.007715
LCAM3,2020-01-02,0.079405
QUAL3,2016-05-02,0.796008
SANB4,2016-07-07,0.069772
ITUB4,2011-07-01,0.005464
BRFS3,2015-01-02,0.534144
GGBR4,2015-08-25,0.05
TRPL4,2014-11-25,0.255536
BBDC3,2012-12-04,0.006238
TIMS3,2011-04-12,0.200591
ELET6,2020-05-04,1.749936
TAEE4,2020-05-07,0.05976
ITSA4,2013-12-23,0.057988
EGIE3,2012-08-13,0.850272
ITSA4,2019-12-02,0.02
RADL3,2015-03-24,0.019618
RADL3,2010-06-22,0.005485
GGBR4,2019-08-19,0.07
BBDC3,2012-10-02,0.007339
UGPA3,2011-08-18,0.235
ITSA4,2016-06-01,0.013547
LREN3,2019-12-26,0.076667
JHSF3,2019-12-30,0.083152
KLBN11,2015-03-20,0.11136
B3SA3,2014-06-13,0.026158
BBDC3,2011-02-02,0.005155
ITUB4,2015-06-01,0.008264
BBDC4,2015-06-02,0.009818
MRVE3,2010-05-20,0.171379
RENT3,2018-12-20,0.070988
CRFB3,2020-08-24,0.242796
PETR4,2019-11-12,0.200925
SAPR4,2012-01-02,0.051052
ECOR3,2013-04-26,0.457125
EMBR3,2015-03-17,0.04
HYPE3,2016-05-03,0.210603
EZTC3,2019-04-29,0.140397
CCRO3,2016-03-16,0.283192
RADL3,2014-09-23,0.013362
TIMS3,2015-05-13,0.151751
GOAU4,2017-11-22,0.02
RENT3,2015-05-04,0.064711
BRSR6,2012-12-19,0.097721
PCAR3,2010-04-30,0.357615
PETR4,2019-04-26,0.019494
BBDC4,2012-01-03,0.00627
LAME4,2014-03-24,0.00192
BBAS3,2018-11-22,0.416893
BBDC3,2018-09-04,0.011879
BBDC3,2013-12-03,0.008073
BBDC3,2020-12-02,0.015681
RADL3,2012-06-22,0.011199
PETR3,2011-03-22,0.17342
CSNA3,2019-04-29,0.65091
BBAS3,2016-05-24,0.133683
CPLE6,2012-04-27,0.07484
LREN3,2013-06-20,0.018743
ENBR3,2021-01-05,0.271248
PCAR3,2013-05-06,0.118182
LCAM3,2020-09-21,0.092531
WEGE3,2011-07-22,0.014349
CCRO3,2012-10-01,0.54
BBDC4,2018-09-04,0.013067
SANB4,2021-05-10,0.421278
IGTA3,2016-04-26,0.340031
CVCB3,2019-12-26,0.37754
ITUB4,2020-09-01,0.015
BBAS3,2019-02-22,0.591888
ENGI11,2011-03-03,0.148503
BRSR6,2018-02-27,0.206614
LREN3,2014-06-18,0.023154
SANB4,2017-10-09,0.069951
PETR3,2021-04-15,0.792834
CVCB3,2018-04-30,0.075637
RENT3,2019-06-25,0.099983
WEGE3,2018-12-26,0.025706
VIVT3,2020-11-30,0.236902
ECOR3,2013-11-12,0.318517
BBDC3,2020-11-04,0.015681
GGBR4,2013-08-13,0.07
ITUB4,2019-09-02,0.015
EGIE3,2016-11-11,0.530071
BRSR6,2014-11-26,0.1669
RENT3,2013-10-01,1.202
GGBR4,2013-03-05,0.02
BBDC3,2017-11-03,0.0108
BBSE3,2020-02-14,1.910841
RADL3,2016-09-27,0.029878
CMIG4,2020-08-03,0.223995
LREN3,2015-04-17,0.150165
EMBR3,2014-06-24,0.05
VVAR3,2017-12-18,0.027035
LCAM3,2013-06-20,0.020077
BBDC4,2019-11-04,0.015681
UGPA3,2015-03-05,0.355
BBDC3,2015-01-05,0.008065
PETR4,2013-04-30,0.38617
SANB4,2019-07-08,0.140403
LCAM3,2014-06-20,0.016207
VIVT3,2021-07-01,0.3739
TIMS3,2020-10-20,0.206542
WEGE3,2010-09-22,0.006953
ITUB4,2017-11-01,0.01
SANB4,2017-01-06,0.467631
WEGE3,2014-07-23,0.029885
IGTA3,2020-06-26,0.20547
TAEE4,2018-11-12,0.23719
BBDC4,2012-11-05,0.006897
ITSA4,2010-03-01,0.007709
RENT3,2011-04-01,0.016549
B3SA3,2021-03-25,0.195242
BBDC4,2015-09-02,0.009818
EMBR3,2010-09-27,0.0255
ENGI11,2018-08-15,0.279154
ENGI11,2021-03-22,1.1
JBSS3,2013-04-29,0.059513
BBDC3,2021-04-05,0.015681
TUPY3,2011-05-02,0.364955
HYPE3,2017-04-20,0.050897
BBAS3,2012-12-13,0.297177
BRML3,2017-05-02,0.066226
SULA4,2020-07-30,0.104252
BBAS3,2012-11-19,0.106932
WEGE3,2019-07-29,0.044551
MGLU3,2019-04-16,0.011571
CPFE3,2010-08-19,0.760799
HYPE3,2019-07-03,0.25562
VIVT3,2020-05-29,0.944115
TRPL4,2021-07-07,0.502542
BBDC4,2016-08-02,0.0108
GOAU4,2019-11-12,0.02
BRDT3,2018-12-12,0.493812
BBDC4,2019-12-20,0.457617
TIMS3,2018-07-26,0.099162
WEGE3,2020-06-29,0.019118
LCAM3,2019-01-02,0.065556
BBDC4,2019-03-06,0.013067
TAEE4,2019-05-20,0.093612
PCAR3,2018-04-02,0.321878
BBDC4,2014-02-04,0.008926
GGBR4,2010-08-17,0.14
SUZB3,2010-12-30,0.36372
CMIG4,2016-12-27,0.25219
COGN3,2017-08-18,0.127762
YDUQ3,2010-04-20,0.126667
BBDC3,2010-02-02,0.004684
CPLE6,2013-01-03,0.05272
VIVT3,2013-11-01,1.072267
BBDC3,2018-12-04,0.011879
SULA4,2018-04-02,0.050627
HYPE3,2018-01-02,0.92
ABEV3,2017-01-24,0.07
SBSP3,2010-01-04,0.05
JBSS3,2017-05-02,0.032978
RENT3,2019-03-27,0.091823
MOVI3,2019-09-30,0.067174
BBAS3,2020-08-24,0.441988
MULT3,2019-06-28,0.184584
BRFS3,2016-07-13,0.642347
EGIE3,2019-12-03,1.528812
BBAS3,2019-05-22,0.414838
HAPV3,2021-01-04,0.002617
COGN3,2013-03-21,0.041797
TAEE4,2017-11-17,0.089446
ECOR3,2015-05-15,0.418698
BBDC3,2020-10-02,0.015681
EMBR3,2013-06-25,0.04
LREN3,2011-03-15,0.024761
CCRO3,2015-10-05,0.487534
KLBN11,2017-02-07,0.142125
GNDI3,2019-03-29,0.150134
EQTL3,2015-12-28,0.07
ABEV3,2011-10-03,0.019986
MRVE3,2017-05-16,0.29971
VIVT3,2013-04-17,1.25162
BRKM5,2019-10-04,0.83862
SANB4,2020-11-05,0.140539
SAPR4,2016-04-29,0.002567
CMIG4,2021-01-04,0.25609
CCRO3,2013-09-27,0.68
BBAS3,2013-05-22,0.09821
CRFB3,2021-04-19,0.382372
CYRE3,2010-05-03,0.470341
BBAS3,2015-02-20,0.0912
ITUB4,2016-07-01,0.009091
ITUB4,2013-09-02,0.007513
GOAU4,2018-08-22,0.07
ITUB4,2016-03-01,0.009091
BBSE3,2020-01-10,1.352298
BBDC3,2019-07-01,0.142592
BBAS3,2018-08-22,0.269662
CIEL3,2018-12-17,0.266189
ITUB4,2013-12-23,0.101978
BBDC3,2014-12-02,0.008065
NTCO3,2019-12-27,0.016039
BBDC3,2010-11-03,0.005152
KLBN11,2016-05-02,0.111861
EMBR3,2014-04-29,0.066849
MRVE3,2019-06-04,0.371094
GGBR4,2020-12-22,0.17
VVAR3,2018-04-27,0.011935
RADL3,2014-12-12,0.014273
CPFE3,2011-04-05,0.477486
BBSE3,2017-02-17,0.853031
ENBR3,2013-04-11,0.094721
KLBN11,2016-11-04,0.127764
ITSA4,2014-06-02,0.01117
LREN3,2019-09-25,0.077966
SANB4,2019-10-09,0.140427
CMIG4,2013-05-02,0.808393
TAEE4,2020-11-17,0.45398
PETR3,2011-08-03,0.2073
LCAM3,2012-10-01,0.023443
RENT3,2018-06-29,0.061862
RADL3,2013-09-24,0.003329
HGTX3,2015-12-17,0.2125
GOAU4,2010-11-17,0.18
CSNA3,2014-03-05,0.291501
EQTL3,2020-07-20,0.319968
TRPL4,2018-04-18,0.128541
GGBR4,2015-05-22,0.06
ITUB4,2019-11-01,0.015
BBAS3,2017-03-02,0.025907
BBDC3,2017-07-03,0.107998
ITSA4,2011-12-26,0.05357
CIEL3,2017-03-16,0.138973
VALE3,2021-03-05,4.261646
SBSP3,2012-02-17,0.846667
BBDC3,2017-02-02,0.009818
LREN3,2015-09-24,0.038257
HYPE3,2018-04-06,0.212009
BBDC3,2021-04-02,0.017249
VALE3,2011-04-14,0.608247
BRML3,2014-12-04,0.103443
CCRO3,2010-09-21,0.425
B3SA3,2011-02-22,0.007212
ABEV3,2011-07-01,0.085741
BBAS3,2013-08-23,0.780872
CIEL3,2018-12-20,0.060974
RENT3,2016-05-02,0.001513
UGPA3,2016-02-25,0.4
TIMS3,2021-06-22,0.144654
ECOR3,2018-11-06,0.345008
HGTX3,2012-05-03,0.65
CIEL3,2012-09-14,0.275548
BBDC4,2021-04-02,0.018974
BIDI11,2020-07-06,0.02314
BBAS3,2018-03-02,0.24567
ABEV3,2015-01-02,0.13
RENT3,2019-05-06,0.009589
ITUB4,2018-02-01,0.01
LREN3,2020-12-21,0.075658
CPFE3,2020-05-04,1.800973
CVCB3,2015-04-16,0.432677
BBDC4,2011-03-02,0.0057
BBDC4,2016-10-04,0.0108
BBAS3,2015-06-12,0.289894
BRSR6,2014-09-04,0.1656
SUZB3,2014-05-02,0.10545
BBAS3,2013-09-12,0.313771
CSAN3,2016-12-13,0.184156
BBAS3,2019-11-22,0.365042
CPLE6,2018-06-18,0.008996
CRFB3,2019-08-22,0.23692
CPFE3,2019-05-02,0.480182
CIEL3,2018-09-28,0.056185
ENBR3,2014-04-14,0.062294
B3SA3,2011-08-29,0.04058
B3SA3,2013-11-12,0.039447
TUPY3,2010-04-29,0.315
BBDC4,2017-09-04,0.01188
BBDC3,2011-11-03,0.005671
RADL3,2017-03-27,0.030936
TRPL4,2012-01-17,0.104181
PETR4,2019-05-22,0.1
SUZB3,2015-11-13,0.103371
VALE3,2011-08-12,0.933403
SUZB3,2017-11-30,0.183
BPAC11,2018-01-05,0.171322
B3SA3,2020-09-25,0.265538
GOAU4,2013-03-05,0.02
MGLU3,2021-07-06,0.015494
BBDC4,2015-06-23,0.098257
CMIG4,2019-12-26,0.236307
GGBR4,2013-11-12,0.12
ITSA4,2016-12-23,0.24926
GGBR4,2011-08-16,0.09
BBDC3,2018-10-02,0.011879
VIVT3,2018-09-18,1.555013
B3SA3,2015-11-24,0.058852
VIVT3,2013-09-02,0.183722
ITUB4,2017-01-02,0.01
RENT3,2016-12-23,0.067866
QUAL3,2018-04-30,0.360813
EGIE3,2011-05-02,0.193975
BBAS3,2016-03-14,0.098285
PETR4,2019-08-13,0.2
ITUB4,2014-05-02,0.007513
BBAS3,2019-09-12,0.232955
EGIE3,2012-11-26,0.338504
BBDC4,2016-11-03,0.0108
JHSF3,2013-04-15,0.069578
ITUB4,2018-05-02,0.01
RENT3,2021-06-30,0.096195
MRVE3,2012-05-18,0.377093
RADL3,2010-12-15,0.007388
LAME4,2016-03-14,0.015157
ITSA4,2019-12-13,0.00595
SANB4,2011-06-22,0.076072
PCAR3,2013-08-01,0.118182
BBDC4,2020-11-04,0.017249
ITUB4,2019-08-16,0.5476
SBSP3,2019-04-30,1.159
RADL3,2013-03-25,0.002058
ASAI3,2021-04-29,0.316541
UGPA3,2013-08-08,0.33
EGIE3,2011-11-18,0.31129
LCAM3,2018-09-25,0.07197
VIVT3,2016-04-29,0.714875
ITSA4,2013-03-06,0.076537
HGTX3,2017-06-08,0.2666
TRPL4,2020-11-05,0.522095
MOVI3,2018-04-27,0.003658
EGIE3,2021-05-12,0.747117
HGTX3,2019-04-05,0.1423
BBDC4,2016-03-02,0.009818
SANB4,2012-03-29,0.055439
PETR3,2012-01-03,0.1773
ENGI11,2019-03-25,0.15
LREN3,2015-03-19,0.030632
ITSA4,2015-03-02,0.011196
TUPY3,2016-11-08,0.110974
ABEV3,2018-12-19,0.32
HGTX3,2013-04-26,0.73
LCAM3,2014-03-24,0.019122
MRVE3,2019-06-07,0.371014
LAME4,2019-01-07,0.074653
SULA4,2020-06-18,0.059647
CSAN3,2018-05-03,0.277158
BBSE3,2019-02-15,0.683892
TRPL4,2011-05-02,0.02729
LCAM3,2017-12-22,0.02273
B3SA3,2018-06-28,0.073716
TIMS3,2012-04-12,0.094787
HGTX3,2016-05-31,0.2616
BBDC4,2012-09-04,0.006897
VALE3,2014-10-17,0.99087
ENGI11,2017-02-23,0.285136
PETR3,2020-04-23,0.233649
LAME4,2013-03-18,0.04384
KLBN11,2018-12-21,0.237496
EGIE3,2016-05-11,0.256762
ELET3,2021-02-04,1.435129
ECOR3,2011-04-27,0.257162
SANB4,2019-04-08,0.140343
TAEE4,2020-05-20,0.23388
ITUB4,2011-08-10,0.123216
LAME4,2015-03-16,0.042408
ITUB4,2010-06-01,0.005464
CVCB3,2016-04-27,0.67077
BBDC3,2018-12-26,0.457177
BBDC3,2020-02-04,0.014255
VVAR3,2016-09-13,0.002066
SUZB3,2010-05-03,0.01
B3SA3,2019-06-26,0.06349
ECOR3,2014-03-26,0.037036
BBDC4,2016-05-03,0.0108
ITUB4,2014-09-01,0.008264
COGN3,2013-11-08,0.028388
SAPR4,2017-07-03,0.10885
EGIE3,2018-11-13,0.8
BBDC4,2012-07-03,0.006897
BRSR6,2015-06-03,0.206384
BBDC4,2015-05-05,0.008926
USIM5,2021-05-26,0.005046
EMBR3,2012-09-25,0.07
YDUQ3,2018-04-19,0.32551
BBDC3,2019-05-03,0.014255
SBSP3,2017-04-11,1.2048
COGN3,2019-08-21,0.033692
ITUB4,2013-05-02,0.00683
ITUB4,2017-10-02,0.01
BRDT3,2019-12-03,0.463792
ENBR3,2014-04-30,0.707112
MOVI3,2021-01-06,0.147814
CMIG4,2019-05-06,0.388342
BBDC3,2017-07-04,0.0108
RENT3,2017-03-16,0.057933
BBDC4,2012-02-13,0.016274
BBDC4,2017-07-04,0.01188
BBDC4,2019-12-03,0.015681
WEGE3,2019-09-23,0.020441
VIVT3,2020-01-02,0.749738
MRVE3,2018-04-23,0.35
BRSR6,2011-05-02,0.05703
CVCB3,2019-05-02,0.023608
SAPR4,2020-07-01,0.102829
RADL3,2020-12-17,0.028494
COGN3,2017-05-19,0.115455
SANB4,2020-08-07,0.108217
BBDC3,2011-06-28,0.060654
CIEL3,2019-06-24,0.079959
BBDC4,2014-12-02,0.008926
WEGE3,2014-02-26,0.038905
PETR4,2020-04-28,4.49E-4
LCAM3,2019-06-26,0.090123
RENT3,2019-12-18,0.094992
CCRO3,2016-11-10,0.424788
LCAM3,2021-06-25,0.095688
BBSE3,2013-08-20,0.414788
HYPE3,2018-12-26,0.35117
WEGE3,2016-09-26,0.022361
ITSA4,2012-03-01,0.081569
GGBR4,2011-03-15,0.06
IGTA3,2010-11-12,0.2077
RENT3,2010-07-01,0.011858
GOAU4,2013-05-20,0.02
GGBR4,2017-11-22,0.03
EMBR3,2010-06-22,0.040571
ITUB4,2014-07-01,0.008264
ITSA4,2015-02-11,0.146486
LCAM3,2012-12-12,0.022837
IRBR3,2018-03-22,0.001885
WEGE3,2015-02-25,0.039932
ENGI11,2019-08-14,0.28
ITUB4,2015-02-11,0.465179
MGLU3,2018-04-17,0.008265
LAME4,2011-03-28,0.033387
PCAR3,2015-11-03,0.136365
USIM5,2011-03-22,0.150599
KLBN11,2015-03-24,0.11136
ABEV3,2010-12-01,0.010189
BBSE3,2018-08-10,0.788043
BRSR6,2018-12-07,0.073326
BBDC4,2015-04-02,0.009818
BBDC3,2014-04-02,0.008073
BPAC11,2017-07-06,0.171748
BBDC4,2020-10-02,0.017249
SULA4,2019-03-29,0.062485
EMBR3,2017-04-25,0.101908
ECOR3,2014-04-30,0.862312
BBDC4,2019-02-04,0.013067
HYPE3,2021-03-29,0.30881
TRPL4,2021-02-26,0.806156
BRSR6,2010-03-08,0.104314
GOAU4,2012-11-13,0.09
BBAS3,2020-03-12,0.18142
TUPY3,2013-04-15,0.18412
CSNA3,2013-11-14,0.743541
QUAL3,2017-05-02,0.492423
KLBN11,2018-11-05,0.322996
VIVT3,2014-08-01,0.2489
MULT3,2013-03-07,0.109881
ITSA4,2021-04-28,0.02131
BBDC4,2010-06-29,0.056765
JHSF3,2010-05-03,0.070386
BBDC3,2011-06-02,0.005155
PETR4,2014-04-03,0.9672
TOTS3,2015-08-04,0.059667
B3SA3,2011-05-03,0.068908
RENT3,2011-10-03,0.01896
IGTA3,2010-04-29,0.125818
PCAR3,2014-11-11,0.127272
PETR3,2020-07-23,0.239895
BRFS3,2016-03-11,0.121751
ABEV3,2016-12-22,0.22
HGTX3,2018-11-09,0.2478
ITUB4,2020-01-02,0.015
TRPL4,2018-06-06,1.153932
ITSA4,2021-03-01,0.02
BBAS3,2011-03-23,0.215096
FLRY3,2015-08-19,0.03106
BRSR6,2013-11-25,0.152083
PETR4,2018-05-22,0.05
HYPE3,2018-07-04,0.20543
LREN3,2019-04-18,0.254186
ITUB4,2020-12-01,0.015
VALE3,2015-10-16,0.37361
PCAR3,2014-04-17,0.535395
B3SA3,2014-11-18,0.034938
B3SA3,2010-03-01,0.004236
BBDC3,2013-02-06,0.02593
GOAU4,2010-08-17,0.22
ITSA4,2011-08-10,0.043077
PETR4,2019-12-27,0.421942
BBAS3,2021-06-14,0.168519
BRML3,2019-08-08,0.825986
WEGE3,2012-12-19,0.008728
CMIG4,2014-05-02,0.744968
USIM5,2019-07-04,0.011323
ITSA4,2013-03-01,0.009126
FLRY3,2011-12-20,0.03201
BBDC3,2011-01-04,0.005155
WEGE3,2013-07-31,0.027367
MGLU3,2017-04-26,0.003974
COGN3,2016-05-13,0.123215
WEGE3,2017-12-18,0.021945
LCAM3,2013-03-21,0.01898
YDUQ3,2021-04-29,0.469672
ENBR3,2012-04-11,0.489087
GGBR4,2010-05-18,0.12
ABEV3,2016-02-01,0.13
WEGE3,2010-07-28,0.015828
RENT3,2020-09-11,0.087345
TOTS3,2011-03-11,0.127132
VALE3,2019-12-27,1.414364
TRPL4,2012-07-02,0.261434
USIM5,2019-01-08,0.079187
LREN3,2014-12-18,0.023991
AMER3,2010-03-22,0.090315
CIEL3,2017-12-28,0.117236
ITUB4,2016-01-04,0.009091
BBDC3,2017-05-03,0.0108
BBDC4,2020-02-04,0.015681
ENBR3,2018-04-10,0.485702
BBDC3,2015-12-17,0.395221
PETR3,2012-03-20,0.1244
ELET3,2013-05-02,0.399059
ITUB4,2010-11-01,0.005464
LWSA3,2020-12-09,0.031777
BBDC3,2010-03-02,0.004684
BRDT3,2020-05-04,0.0428
CSAN3,2021-05-06,0.257648
VALE3,2015-04-15,0.601761
RADL3,2019-09-27,0.031548
FLRY3,2017-03-15,0.226371
BRSR6,2012-03-05,0.158394
BBDC4,2017-03-02,0.0108
ITUB4,2011-11-01,0.005464
CSNA3,2013-08-08,0.144036
ITUB4,2010-08-02,0.005464
RENT3,2013-11-01,0.363416
MULT3,2014-12-23,0.150511
EZTC3,2010-04-30,0.19813
GGBR4,2018-08-22,0.14
GGBR4,2020-03-02,0.03
ITSA4,2020-08-26,0.02
VIVT3,2010-10-01,0.614384
PCAR3,2017-12-07,0.286432
BBAS3,2010-11-23,0.131424
BBAS3,2016-12-13,0.076932
RADL3,2021-03-12,0.026664
BBDC3,2016-06-02,0.009818
SUZB3,2016-04-26,0.258
CSNA3,2019-09-24,0.299003
BRSR6,2016-06-14,0.187843
VIVT3,2020-04-09,1.219338
HGTX3,2011-04-28,0.16
BRAP4,2011-11-01,0.747615
BBAS3,2017-08-22,0.204303
TUPY3,2014-12-18,0.176108
CVCB3,2014-04-29,0.102842
GOAU4,2011-05-20,0.1
BBDC3,2012-02-02,0.005671
B3SA3,2018-12-26,0.068975
B3SA3,2010-03-31,0.008469
USIM5,2010-03-26,0.076865
BEEF3,2017-04-04,0.259896
BBDC4,2011-05-03,0.0057
KLBN11,2018-05-03,0.144397
BRKM5,2014-04-10,0.606189
BRKM5,2011-05-02,0.833247
EGIE3,2018-12-27,0.486562
UGPA3,2019-03-01,0.35
GOAU4,2015-03-17,0.07
ABEV3,2015-12-22,0.15
CIEL3,2015-09-14,0.193735
YDUQ3,2017-04-20,0.283478
TRPL4,2015-05-27,0.171542
TIMS3,2014-05-13,0.35346
ITSA4,2014-08-14,0.061062
MULT3,2013-12-18,0.079868
ITSA4,2015-12-01,0.012315
ITSA4,2017-12-26,0.152782
QUAL3,2019-07-25,0.647259
JHSF3,2020-10-08,0.067137
BBDC4,2017-05-03,0.01188
ITUB4,2010-08-11,0.095406
HGTX3,2019-08-08,0.3088
ELET6,2014-05-02,1.633692
BRSR6,2021-05-03,0.055952
MRFG3,2011-05-03,0.014036
ITSA4,2016-08-15,0.071346
PETR4,2018-08-14,0.05
QUAL3,2020-05-04,0.004212
BBSE3,2015-08-13,0.883769
ITSA4,2011-03-01,0.007719
EMBR3,2015-06-23,0.04
CVCB3,2018-12-11,0.376727
BBAS3,2015-03-24,0.376992
ITUB4,2014-06-02,0.007513
LREN3,2015-12-18,0.041815
BRML3,2011-05-02,0.110514
MGLU3,2014-04-23,0.003355
TAEE4,2018-12-18,0.133092
ITSA4,2011-06-01,0.007732
PETR4,2021-04-15,0.792834
SANB4,2011-09-23,0.055387
ABEV3,2014-10-28,0.22
LCAM3,2016-12-01,0.130471
ITUB4,2018-12-18,0.0106
EGIE3,2013-02-20,0.706472
TRPL4,2020-12-17,0.837549
RADL3,2015-06-23,0.021623
HGTX3,2013-06-17,0.117
ITUB4,2013-04-01,0.00683
BBDC3,2019-03-06,0.011879
IGTA3,2011-12-01,0.189227
VALE3,2020-09-22,2.40751
PCAR3,2013-10-28,0.118182
RADL3,2011-12-23,0.008929
BRSR6,2011-12-15,0.146579
VIVT3,2018-04-13,0.911828
BBDC4,2013-02-04,0.008114
COGN3,2018-03-23,0.090548
LAME4,2010-03-22,0.009234
BBDC3,2015-04-02,0.00888
JHSF3,2014-05-02,0.046306
ITUB4,2016-09-01,0.009091
GGBR4,2021-05-17,0.4
ITSA4,2013-06-03,0.010114
CIEL3,2019-02-25,0.261399
GGBR4,2012-02-28,0.08
TOTS3,2020-08-11,0.07
CVCB3,2014-03-11,0.102848
LREN3,2017-09-25,0.063501
BBDC4,2015-12-17,0.436962
TUPY3,2017-06-14,0.346795
ABEV3,2019-12-20,0.4906
ECOR3,2013-05-29,0.451575
HGTX3,2015-04-30,0.305967
BRAP4,2012-11-01,0.6502
UGPA3,2013-02-28,0.33
PCAR3,2014-05-06,0.127272
SUZB3,2011-05-02,0.03158
LREN3,2018-09-25,0.071868
WEGE3,2013-06-26,0.008876
SANB4,2016-01-04,0.418153
BBAS3,2013-03-04,0.261319
ABEV3,2017-06-26,0.16
B3SA3,2017-12-22,0.087127
ITUB4,2016-10-03,0.009091
PETR3,2018-05-22,0.05
ELET6,2013-05-02,1.63369
BRML3,2013-05-02,0.315383
QUAL3,2020-10-14,0.169317
FLRY3,2012-12-18,0.051186
ITSA4,2013-12-02,0.010114
BBAS3,2019-08-22,0.446155
VIVT3,2015-12-01,0.13051
B3SA3,2012-11-22,0.015535
CIEL3,2010-09-15,0.005085
BBAS3,2018-12-12,0.12567
BRSR6,2015-05-04,0.029382
CMIG4,2013-12-06,0.322029
CPLE6,2013-04-26,0.050169
CIEL3,2020-01-02,0.021048
TRPL4,2014-08-13,0.049078
ITUB4,2020-08-18,0.0529
EMBR3,2014-09-23,0.05
BRSR6,2018-08-16,0.215905
CSAN3,2014-10-15,0.092397
BBDC4,2017-04-04,0.0108
ITSA4,2014-12-22,0.02651
QUAL3,2019-04-30,0.659317
BBDC3,2017-09-04,0.0108
EMBR3,2011-09-26,0.09
ELET6,2021-04-28,1.044999
SBSP3,2016-04-06,0.2193
BBDC3,2011-09-02,0.005671
EQTL3,2015-04-20,0.096096
BIDI11,2020-04-01,0.023155
VIVT3,2017-07-03,0.052759
ITUB4,2019-02-01,0.015
EZTC3,2021-04-30,0.423955
BRSR6,2018-05-15,0.215905
HYPE3,2019-12-26,0.30424
BBDC4,2021-07-02,0.018974
ENBR3,2018-04-05,0.485702
QUAL3,2017-12-22,0.525371
VULC3,2010-05-03,0.39158
ITUB4,2015-12-10,0.126667
WEGE3,2015-06-24,0.018778
LREN3,2010-12-17,0.094125
KLBN11,2014-08-12,0.1659
RENT3,2011-07-04,0.017671
BRAP4,2010-11-01,0.40188
ABEV3,2015-06-02,0.1
LREN3,2014-09-18,0.023745
ITSA4,2020-02-21,0.226
PCAR3,2012-11-13,0.1
HGTX3,2011-12-12,0.1
ITSA4,2012-12-26,0.125939
B3SA3,2018-09-24,0.058709
CPLE6,2011-08-19,0.086706
BBDC4,2014-12-23,0.280018
CCRO3,2020-04-13,0.297029
EZTC3,2015-05-04,0.81326
BRML3,2019-05-29,0.065233
CPFE3,2013-04-22,0.447882
ITUB4,2021-03-01,0.015
PETR3,2010-05-24,0.17
QUAL3,2015-10-20,1.468959
BRAP4,2012-04-30,0.700146
HYPE3,2013-05-02,0.163013
BBDC3,2011-12-02,0.005671
TAEE4,2020-12-16,0.05246
ITUB4,2018-08-20,0.416
BBDC3,2016-10-04,0.009818
VIVT3,2020-04-01,0.083304
ITSA4,2018-09-03,0.015
ITUB4,2014-12-01,0.008264
BBDC4,2015-08-04,0.009818
VIVT3,2013-01-22,1.37791
BBDC4,2018-08-02,0.013067
BIDI11,2021-03-22,0.01359
COGN3,2017-03-29,0.077311
EMBR3,2012-12-18,0.0425
HGTX3,2017-08-09,0.31
RADL3,2011-04-12,0.003583
ELET3,2012-05-21,1.279561
BRSR6,2012-09-04,0.148696
MRVE3,2020-10-14,0.340143
LREN3,2017-06-26,0.058392
ENBR3,2019-04-17,0.061338
BBDC3,2018-01-03,0.0108
CMIG4,2015-05-04,0.376505
RENT3,2016-04-01,0.051451
ITUB4,2015-11-03,0.009091
WEGE3,2017-03-01,0.024496
ENGI11,2020-08-19,0.28
LAME4,2015-09-02,0.036964
GOAU4,2013-08-13,0.11
PETR4,2020-07-23,4.61E-4
TRPL4,2010-10-08,0.088422
IGTA3,2011-04-28,0.156484
BBAS3,2010-02-26,0.468197
GGBR4,2021-03-12,0.13
CIEL3,2012-03-16,0.2457
ITUB4,2014-03-05,0.007513
BBDC4,2019-07-01,0.156851
USIM5,2012-03-20,0.086646
RENT3,2013-01-02,0.022988
BBDC3,2013-05-03,0.006862
BRAP4,2018-04-30,1.285
HYPE3,2020-10-26,0.2929
TRPL4,2019-12-16,0.163679
HAPV3,2021-05-06,0.002525
CPFE3,2014-04-30,0.557808
ENGI11,2013-05-27,0.163006
BRSR6,2017-08-15,0.20304
ITSA4,2014-09-01,0.01117
JBSS3,2014-05-02,0.07675
CSNA3,2012-04-30,0.82306
BBAS3,2017-12-12,0.082597
ELET6,2010-05-03,1.679867
BRAP4,2021-04-01,2.715717
ELET3,2019-04-30,0.858499
ABEV3,2015-03-02,0.09
CPFE3,2012-08-16,0.628972
VIVT3,2019-07-01,0.53759
ITUB4,2012-11-01,0.00683
CRFB3,2021-06-21,0.088148
GOAU4,2015-05-22,0.02
MULT3,2020-12-29,0.454975
BBAS3,2020-12-14,0.116984
CRFB3,2018-08-02,0.061329
SBSP3,2013-04-01,0.781667
TUPY3,2016-11-17,0.173397
RADL3,2016-03-22,0.028967
LAME4,2012-03-12,0.035365
CPLE6,2014-11-07,0.146197
ITUB4,2018-09-03,0.01
HYPE3,2016-04-15,0.039397
VIVT3,2017-03-01,0.099965
MOVI3,2021-06-30,0.090564
BRSR6,2017-05-05,0.040778
B3SA3,2016-11-22,0.027363
SANB4,2011-03-25,0.082949
BBAS3,2020-11-17,0.194773
TOTS3,2013-12-26,0.037409
EGIE3,2010-10-01,0.350644
EMBR3,2010-12-21,0.2
RENT3,2010-10-01,0.012752
BRFS3,2011-06-30,0.335915
PETR3,2010-12-22,0.2
BBDC4,2015-02-03,0.008925
SANB4,2013-09-27,0.062474
B3SA3,2010-11-12,0.0397
EQTL3,2011-05-02,0.056229
HGTX3,2017-05-08,0.4661
BBDC4,2018-11-05,0.013067
SUZB3,2019-04-18,0.4447
SUZB3,2011-12-23,0.22619
BRDT3,2020-08-03,0.512499
ITUB4,2015-12-01,0.009091
BBDC4,2011-11-03,0.00627
LREN3,2012-09-20,0.026581
BBAS3,2017-09-12,0.076292
ENBR3,2020-04-01,0.194262
VIVT3,2015-09-01,0.131621
IGTA3,2020-02-26,0.212652
MRVE3,2016-05-17,0.353745
GOLL4,2010-03-30,0.701581
KLBN11,2020-02-11,0.02182
SAPR4,2018-01-02,0.108908
BBAS3,2012-06-22,0.298239
EZTC3,2013-04-29,0.399197
BBDC3,2016-01-05,0.008926
BRSR6,2011-03-10,0.117952
ECOR3,2017-11-03,0.230739
ITSA4,2016-12-01,0.013547
SAPR4,2017-04-28,0.002853
ITSA4,2010-09-01,0.007719
ITUB4,2017-12-01,0.01
MRVE3,2018-12-14,0.33
PETR4,2020-04-23,4.49E-4
ITUB4,2013-02-01,0.00683
SULA4,2018-01-02,0.111619
BBDC3,2021-07-05,0.490007
BBDC3,2015-05-05,0.00888
SAPR4,2015-04-29,0.02374
RADL3,2020-04-14,0.012229
BBDC4,2012-06-28,0.068973
TOTS3,2013-03-06,0.160145
LAME4,2012-01-09,0.005563
ITUB4,2020-03-02,0.015
ITUB4,2016-02-19,0.396606
CYRE3,2011-05-02,0.337021
BBDC3,2020-03-03,0.014255
RENT3,2012-01-02,0.020508
LREN3,2020-06-24,0.070038
ITSA4,2010-12-01,0.007719
GGBR4,2016-11-22,0.02
ELET6,2012-05-21,1.698
CPFE3,2020-07-28,1.800973
BBSE3,2016-08-12,0.8361
TOTS3,2012-03-22,0.134588
VALE3,2013-04-17,0.864045
LREN3,2011-04-12,0.215505
BRFS3,2015-07-01,0.502438
BRSR6,2014-06-05,0.163003
MULT3,2017-12-28,0.108743
BRSR6,2016-09-08,0.190873
BBDC4,2016-02-02,0.009818
BRSR6,2010-05-03,0.064528
WEGE3,2018-09-24,0.019647
BBDC4,2013-11-04,0.008926
TRPL4,2011-04-07,0.09116
VIVT3,2017-10-02,0.169385
CYRE3,2013-05-02,0.123452
ITUB4,2016-08-01,0.009091
ITUB4,2017-09-01,0.01
ITSA4,2021-06-01,0.02
BBAS3,2010-09-23,0.200244
BBDC4,2014-08-04,0.008926
GGBR4,2011-11-22,0.12
VIVT3,2021-05-03,0.166113
EZTC3,2020-04-29,0.294083
PETR3,2010-04-23,0.102085
ITSA4,2017-03-01,0.013636
SANB4,2011-06-01,0.065834
BRSR6,2019-08-13,0.273814
BBDC3,2015-12-02,0.00888
KLBN11,2019-05-07,0.190694
ITUB4,2021-01-04,0.015
ECOR3,2016-11-10,0.260093
MRVE3,2011-05-18,0.180193
B3SA3,2020-03-26,0.106022
BBDC4,2014-05-05,0.008926
WEGE3,2015-09-23,0.020815
ITUB4,2012-08-01,0.00683
B3SA3,2015-04-16,0.034388
BBDC3,2017-12-04,0.0108
CRFB3,2020-05-22,0.006045
CSAN3,2015-05-04,0.076998
IRBR3,2017-11-08,0.179259
UGPA3,2014-02-27,0.355
CIEL3,2021-05-03,0.031525
ITUB4,2011-01-03,0.097899
ITSA4,2011-09-01,0.007732
ELET3,2020-07-30,1.625384
ITUB4,2019-01-02,0.015
TIMS3,2020-12-21,0.240868
BBDC3,2011-07-04,0.005155
EGIE3,2019-01-04,0.486562
LREN3,2012-06-20,0.027467
BRSR6,2013-09-04,0.150928
BBDC3,2021-06-02,0.017249
SAPR4,2015-01-02,0.061343
COGN3,2018-11-19,0.081225
EQTL3,2017-04-28,0.121598
ITUB4,2013-03-01,0.00683
BBDC4,2019-01-03,0.013067
EGIE3,2014-11-11,0.465867
CIEL3,2019-11-06,0.015482
CYRE3,2021-04-26,1.087273
JHSF3,2020-08-19,0.078771
RADL3,2014-06-24,0.012954
SANB4,2018-01-08,0.672247
BRML3,2019-05-02,0.083294
BBAS3,2012-08-22,0.124066
YDUQ3,2019-04-29,0.510182
RENT3,2017-07-07,0.056703
BBDC3,2019-11-04,0.014255
GGBR4,2012-08-14,0.09
TUPY3,2018-11-13,0.346872
CCRO3,2012-04-16,0.057077
ABEV3,2012-12-27,0.180682
FLRY3,2010-08-12,0.030899
ITSA4,2020-06-01,0.02
BBDC4,2013-06-04,0.008926
ITSA4,2015-09-01,0.012315
CSAN3,2017-05-02,0.232915
TRPL4,2016-12-05,0.208687
BBDC4,2016-06-23,0.108017
BBDC4,2014-03-06,0.008926
TRPL4,2017-06-02,0.204892
YDUQ3,2012-04-04,0.067731
EMBR3,2014-12-16,0.12
COGN3,2015-08-13,0.06106
LCAM3,2015-01-15,0.015703
EQTL3,2013-05-02,0.034
GGBR4,2013-05-20,0.02
BBDC3,2016-04-04,0.008926
EGIE3,2019-05-07,0.094006
RENT3,2019-09-10,0.098743
TUPY3,2019-03-20,0.953686
BBDC4,2012-05-03,0.006897
RENT3,2021-05-03,0.024114
PETR3,2011-11-14,0.2
FLRY3,2018-08-01,0.182569
GOAU4,2021-05-17,0.21
BBDC4,2016-04-04,0.009818
LAME4,2019-12-06,0.166555
WEGE3,2012-06-27,0.009615
EMBR3,2017-06-13,0.04
LREN3,2011-12-20,0.02627
BBDC4,2015-10-02,0.009818
EGIE3,2010-05-07,0.100392
BBDC3,2019-04-02,0.014255
USIM5,2020-04-29,0.04345
FLRY3,2021-01-07,0.234723
VULC3,2011-04-26,0.41488
TUPY3,2012-05-02,0.42017
TIMS3,2013-05-13,0.153713
ITUB4,2020-08-03,0.015
WEGE3,2010-12-22,0.007396
BBDC4,2021-01-05,0.017249
EGIE3,2020-12-21,0.67956
ITUB4,2014-02-03,0.007513
VIVT3,2014-09-01,0.25
B3SA3,2010-05-13,0.019332
IGTA3,2021-04-23,0.284066
UGPA3,2014-08-14,0.355
PETR4,2012-01-03,0.1773
BRSR6,2020-06-10,0.18016
CSNA3,2019-05-03,0.65091
ITSA4,2018-12-03,0.02
QUAL3,2021-07-14,0.062234
SAPR4,2014-01-02,0.050605
ITUB4,2011-04-01,0.005464
WEGE3,2014-12-17,0.014712
BBDC4,2019-04-02,0.015681
BRAP4,2019-12-30,0.799281
LCAM3,2020-04-03,0.096412
LREN3,2012-03-15,0.027106
PCAR3,2010-08-04,0.072663
JHSF3,2019-04-04,0.116414
GOAU4,2019-08-19,0.04
BBDC4,2018-02-02,0.01188
PETR4,2018-12-26,0.716563
CYRE3,2018-05-08,0.520934
COGN3,2016-03-16,0.043432
EMBR3,2016-09-27,0.02
PETR3,2018-12-26,0.051183
RENT3,2011-05-02,0.034028
FLRY3,2014-04-29,0.319912
BBAS3,2010-08-19,0.20065
FLRY3,2012-08-06,0.063982
CSAN3,2010-08-02,0.122951
RADL3,2019-12-12,0.029728
ITUB4,2021-02-01,0.015
EMBR3,2017-12-26,0.09
B3SA3,2017-08-22,0.013341
BPAC11,2019-08-09,0.178751
IGTA3,2019-03-06,0.212709
JHSF3,2012-03-27,0.046663
RENT3,2018-03-29,0.06053
LCAM3,2020-12-30,0.087663
ITSA4,2017-12-01,0.013636
CPLE6,2016-04-29,0.125473
